slope,intercept,R2,STD,LOD,n,Na,Ca,K,Mg,metal,load
0.105,0.436,0.986,0.024,0.685,108,0.0,0.0,0.0,0.0,Cu,0.0
0.0926,-0.047,0.974,0.00404,0.131,108,0.0,0.0,0.0,0.0,Ni,0.0
0.5,0.156,0.983,0.0271,0.163,108,0.0,0.0,0.0,0.0,Zn,0.0
0.0968,0.404,0.998,0.00121,0.0375,18,0.0,0.0,0.0,125.0,Cu,125.0
0.0765,-0.0407,0.993,0.00612,0.24,18,0.0,0.0,0.0,125.0,Ni,125.0
0.43,0.196,0.996,0.00691,0.0482,18,0.0,0.0,0.0,125.0,Zn,125.0
0.095,0.388,0.998,0.00162,0.0512,18,0.0,0.0,0.0,250.0,Cu,250.0
0.07,-0.0395,0.983,0.00497,0.213,18,0.0,0.0,0.0,250.0,Ni,250.0
0.415,0.182,0.997,0.00145,0.0104,18,0.0,0.0,0.0,250.0,Zn,250.0
0.111,0.375,0.984,0.0061,0.165,18,0.0,0.0,0.0,375.0,Cu,375.0
0.0797,-0.0569,0.948,0.000712,0.0268,18,0.0,0.0,0.0,375.0,Ni,375.0
0.485,0.109,0.98,0.00543,0.0336,18,0.0,0.0,0.0,375.0,Zn,375.0
0.109,0.384,0.987,0.00412,0.114,18,0.0,0.0,0.0,500.0,Cu,500.0
0.0747,-0.0513,0.974,0.00755,0.303,18,0.0,0.0,0.0,500.0,Ni,500.0
0.458,0.164,0.983,0.00515,0.0337,18,0.0,0.0,0.0,500.0,Zn,500.0
0.0997,0.403,0.999,0.00353,0.106,18,0.0,0.0,125.0,0.0,Cu,125.0
0.0787,-0.0424,0.987,0.00378,0.144,18,0.0,0.0,125.0,0.0,Ni,125.0
0.448,0.17,0.998,0.00295,0.0197,18,0.0,0.0,125.0,0.0,Zn,125.0
0.0951,0.398,0.999,0.00172,0.0542,18,0.0,0.0,250.0,0.0,Cu,250.0
0.0735,-0.0428,0.988,0.00371,0.152,18,0.0,0.0,250.0,0.0,Ni,250.0
0.475,0.173,0.998,0.0166,0.105,18,0.0,0.0,250.0,0.0,Zn,250.0
0.0917,0.402,0.998,0.0041,0.134,18,0.0,0.0,375.0,0.0,Cu,375.0
0.07,-0.0397,0.99,0.00823,0.353,18,0.0,0.0,375.0,0.0,Ni,375.0
0.506,0.201,0.998,0.0129,0.0767,18,0.0,0.0,375.0,0.0,Zn,375.0
0.0895,0.396,0.999,0.00221,0.074,18,0.0,0.0,500.0,0.0,Cu,500.0
0.0663,-0.0431,0.986,0.00564,0.255,18,0.0,0.0,500.0,0.0,Ni,500.0
0.536,0.209,0.999,0.00656,0.0367,18,0.0,0.0,500.0,0.0,Zn,500.0
0.0935,0.446,0.998,0.00355,0.114,18,0.0,125.0,0.0,0.0,Cu,125.0
0.0797,-0.0419,0.988,0.00627,0.236,18,0.0,125.0,0.0,0.0,Ni,125.0
0.427,0.146,0.997,0.00484,0.034,18,0.0,125.0,0.0,0.0,Zn,125.0
0.0926,0.436,0.997,0.00294,0.0952,18,0.0,250.0,0.0,0.0,Cu,250.0
0.0739,-0.0373,0.992,0.00324,0.132,18,0.0,250.0,0.0,0.0,Ni,250.0
0.44,0.141,0.997,0.0102,0.0698,18,0.0,250.0,0.0,0.0,Zn,250.0
0.0832,0.439,0.997,0.00328,0.118,18,0.0,375.0,0.0,0.0,Cu,375.0
0.0615,-0.0396,0.989,0.00158,0.0771,18,0.0,375.0,0.0,0.0,Ni,375.0
0.405,0.169,0.997,0.00554,0.0411,18,0.0,375.0,0.0,0.0,Zn,375.0
0.0839,0.433,0.999,0.00436,0.156,18,0.0,500.0,0.0,0.0,Cu,500.0
0.0598,-0.0401,0.99,0.00571,0.287,18,0.0,500.0,0.0,0.0,Ni,500.0
0.403,0.162,0.997,0.00803,0.0597,18,0.0,500.0,0.0,0.0,Zn,500.0
0.0886,0.449,0.999,0.00201,0.0681,18,125.0,0.0,0.0,0.0,Cu,125.0
0.0716,-0.0403,0.982,0.0058,0.243,18,125.0,0.0,0.0,0.0,Ni,125.0
0.379,0.175,0.998,0.0184,0.146,18,125.0,0.0,0.0,0.0,Zn,125.0
0.0772,0.453,0.997,0.0051,0.198,18,125.0,125.0,0.0,0.0,Cu,250.0
0.0585,-0.0334,0.986,0.00333,0.171,18,125.0,125.0,0.0,0.0,Ni,250.0
0.383,0.183,0.996,0.00575,0.0449,18,125.0,125.0,0.0,0.0,Zn,250.0
0.0811,0.426,0.997,0.00439,0.162,18,125.0,375.0,0.0,0.0,Cu,500.0
0.0575,-0.0348,0.984,0.00386,0.202,18,125.0,375.0,0.0,0.0,Ni,500.0
0.437,0.169,0.997,0.00623,0.0428,18,125.0,375.0,0.0,0.0,Zn,500.0
0.0839,0.448,0.998,0.00492,0.176,18,250.0,0.0,0.0,0.0,Cu,250.0
0.0645,-0.0423,0.987,0.00557,0.259,18,250.0,0.0,0.0,0.0,Ni,250.0
0.409,0.201,0.998,0.0225,0.165,18,250.0,0.0,0.0,0.0,Zn,250.0
0.0712,0.463,0.996,0.00221,0.0931,18,250.0,250.0,0.0,0.0,Cu,500.0
0.0549,-0.0418,0.981,0.00753,0.412,18,250.0,250.0,0.0,0.0,Ni,500.0
0.444,0.171,0.997,0.00649,0.0438,18,250.0,250.0,0.0,0.0,Zn,500.0
0.0712,0.463,0.993,0.00207,0.0871,18,250.0,250.0,250.0,0.0,Cu,750.0
0.049,-0.0285,0.995,0.00346,0.212,18,250.0,250.0,250.0,0.0,Ni,750.0
0.553,0.194,0.998,0.0476,0.258,18,250.0,250.0,250.0,0.0,Zn,750.0
0.0623,0.461,0.994,0.00242,0.117,18,250.0,250.0,250.0,250.0,Cu,1000.0
0.048,-0.0374,0.992,0.00162,0.101,18,250.0,250.0,250.0,250.0,Ni,1000.0
0.378,0.136,0.996,0.00253,0.0201,18,250.0,250.0,250.0,250.0,Zn,1000.0
0.0609,0.459,0.996,0.00141,0.0696,18,250.0,250.0,250.0,500.0,Cu,1250.0
0.0457,-0.0415,0.992,0.00156,0.102,18,250.0,250.0,250.0,500.0,Ni,1250.0
0.298,0.161,0.994,0.00587,0.059,18,250.0,250.0,250.0,500.0,Zn,1250.0
0.0702,0.462,0.992,0.00164,0.0702,18,250.0,250.0,500.0,0.0,Cu,1000.0
0.0468,-0.0332,0.993,0.0047,0.301,18,250.0,250.0,500.0,0.0,Ni,1000.0
0.659,0.183,0.998,0.0126,0.0572,18,250.0,250.0,500.0,0.0,Zn,1000.0
0.0765,0.426,0.998,0.00135,0.0531,18,250.0,500.0,0.0,0.0,Cu,750.0
0.0541,-0.0403,0.983,0.000876,0.0486,18,250.0,500.0,0.0,0.0,Ni,750.0
0.43,0.173,0.998,0.0107,0.0746,18,250.0,500.0,0.0,0.0,Zn,750.0
0.0871,0.402,0.997,0.00663,0.228,18,375.0,0.0,0.0,0.0,Cu,375.0
0.0595,-0.0349,0.989,0.0037,0.186,18,375.0,0.0,0.0,0.0,Ni,375.0
0.48,0.232,0.995,0.0219,0.137,18,375.0,0.0,0.0,0.0,Zn,375.0
0.0744,0.435,0.996,0.00244,0.0986,18,375.0,125.0,0.0,0.0,Cu,500.0
0.0521,-0.039,0.991,0.00254,0.146,18,375.0,125.0,0.0,0.0,Ni,500.0
0.512,0.172,0.998,0.00841,0.0493,18,375.0,125.0,0.0,0.0,Zn,500.0
0.071,0.455,0.995,0.00498,0.21,18,375.0,375.0,0.0,0.0,Cu,750.0
0.0482,-0.0378,0.992,0.00261,0.162,18,375.0,375.0,0.0,0.0,Ni,750.0
0.463,0.171,0.998,0.00607,0.0393,18,375.0,375.0,0.0,0.0,Zn,750.0
0.0866,0.398,0.998,0.00153,0.0531,18,500.0,0.0,0.0,0.0,Cu,500.0
0.0596,-0.0383,0.988,0.0058,0.292,18,500.0,0.0,0.0,0.0,Ni,500.0
0.531,0.23,0.997,0.0222,0.125,18,500.0,0.0,0.0,0.0,Zn,500.0
0.074,0.436,0.997,0.0038,0.154,18,500.0,250.0,0.0,0.0,Cu,750.0
0.0471,-0.036,0.981,0.00434,0.276,18,500.0,250.0,0.0,0.0,Ni,750.0
0.561,0.18,0.996,0.0187,0.0997,18,500.0,250.0,0.0,0.0,Zn,750.0
0.0699,0.457,0.996,0.00456,0.196,18,500.0,500.0,0.0,0.0,Cu,1000.0
0.0479,-0.0365,0.994,0.00396,0.248,18,500.0,500.0,0.0,0.0,Ni,1000.0
0.479,0.173,0.997,0.00847,0.053,18,500.0,500.0,0.0,0.0,Zn,1000.0
0.0654,0.458,0.995,0.00461,0.212,18,500.0,500.0,250.0,0.0,Cu,1250.0
0.0491,-0.0453,0.993,0.00141,0.086,18,500.0,500.0,250.0,0.0,Ni,1250.0
0.548,0.162,0.998,0.00345,0.0189,18,500.0,500.0,250.0,0.0,Zn,1250.0
0.0639,0.458,0.997,0.00469,0.22,18,500.0,500.0,500.0,0.0,Cu,1500.0
0.0432,-0.0397,0.989,0.00236,0.164,18,500.0,500.0,500.0,0.0,Ni,1500.0
0.595,0.15,0.997,0.00211,0.0107,18,500.0,500.0,500.0,0.0,Zn,1500.0
0.0615,0.46,0.994,0.00114,0.0558,18,500.0,500.0,500.0,250.0,Cu,1750.0
0.0427,-0.0412,0.992,0.00234,0.164,18,500.0,500.0,500.0,250.0,Ni,1750.0
0.434,0.16,0.996,0.00639,0.0442,18,500.0,500.0,500.0,250.0,Zn,1750.0
0.0646,0.456,0.998,0.00261,0.121,18,500.0,500.0,500.0,500.0,Cu,2000.0
0.0463,-0.0501,0.992,0.00322,0.209,18,500.0,500.0,500.0,500.0,Ni,2000.0
0.349,0.14,0.994,0.00609,0.0524,18,500.0,500.0,500.0,500.0,Zn,2000.0
