Na,Ca,K,Mg,Cu,Ni,Zn,Cu_pred,Cu_err,Ni_pred,Ni_err,Zn_pred,Zn_err
0.0,0.0,0.0,0.0,0.0,0.0,0.0,0.092,0.092,0.265,0.265,0.0616,0.0616
0.0,0.0,0.0,0.0,0.0,0.0,0.0,0.14,0.14,0.116,0.116,0.0404,0.0404
0.0,0.0,0.0,0.0,0.0,0.0,0.0,-0.00867,-0.00867,0.234,0.234,0.0583,0.0583
125.0,0.0,0.0,0.0,0.0,0.0,0.0,0.099,0.099,0.38,0.38,0.108,0.108
125.0,0.0,0.0,0.0,0.0,0.0,0.0,0.0904,0.0904,0.246,0.246,0.0589,0.0589
125.0,0.0,0.0,0.0,0.0,0.0,0.0,0.0549,0.0549,0.248,0.248,0.0178,0.0178
250.0,0.0,0.0,0.0,0.0,0.0,0.0,0.136,0.136,0.257,0.257,0.168,0.168
250.0,0.0,0.0,0.0,0.0,0.0,0.0,0.0986,0.0986,0.124,0.124,0.0871,0.0871
250.0,0.0,0.0,0.0,0.0,0.0,0.0,0.0237,0.0237,0.244,0.244,0.0628,0.0628
375.0,0.0,0.0,0.0,0.0,0.0,0.0,-0.311,-0.311,0.207,0.207,0.207,0.207
375.0,0.0,0.0,0.0,0.0,0.0,0.0,-0.4,-0.4,0.304,0.304,0.132,0.132
375.0,0.0,0.0,0.0,0.0,0.0,0.0,-0.465,-0.465,0.265,0.265,0.103,0.103
500.0,0.0,0.0,0.0,0.0,0.0,0.0,-0.39,-0.39,0.241,0.241,0.192,0.192
500.0,0.0,0.0,0.0,0.0,0.0,0.0,-0.407,-0.407,0.137,0.137,0.118,0.118
500.0,0.0,0.0,0.0,0.0,0.0,0.0,-0.426,-0.426,0.286,0.286,0.0865,0.0865
0.0,0.0,0.0,0.0,1.0,1.0,1.0,1.11,0.114,0.912,-0.0881,0.823,-0.177
0.0,0.0,0.0,0.0,1.0,1.0,1.0,1.13,0.135,1.02,0.0171,0.872,-0.128
0.0,0.0,0.0,0.0,1.0,1.0,1.0,1.25,0.248,0.969,-0.0308,0.948,-0.0517
125.0,0.0,0.0,0.0,1.0,1.0,1.0,1.06,0.0624,0.816,-0.184,0.721,-0.279
125.0,0.0,0.0,0.0,1.0,1.0,1.0,1.03,0.0268,0.695,-0.305,0.788,-0.212
125.0,0.0,0.0,0.0,1.0,1.0,1.0,0.967,-0.0331,0.724,-0.276,0.725,-0.275
250.0,0.0,0.0,0.0,1.0,1.0,1.0,0.928,-0.0724,0.777,-0.223,0.847,-0.153
250.0,0.0,0.0,0.0,1.0,1.0,1.0,0.891,-0.109,0.712,-0.288,0.835,-0.165
250.0,0.0,0.0,0.0,1.0,1.0,1.0,0.865,-0.135,0.743,-0.257,0.886,-0.114
375.0,0.0,0.0,0.0,1.0,1.0,1.0,0.51,-0.49,0.771,-0.229,0.956,-0.0439
375.0,0.0,0.0,0.0,1.0,1.0,1.0,0.501,-0.499,0.734,-0.266,1.1,0.0983
375.0,0.0,0.0,0.0,1.0,1.0,1.0,0.504,-0.496,0.778,-0.222,0.998,-0.00239
500.0,0.0,0.0,0.0,1.0,1.0,1.0,0.433,-0.567,0.667,-0.333,1.14,0.139
500.0,0.0,0.0,0.0,1.0,1.0,1.0,0.49,-0.51,0.729,-0.271,1.13,0.132
500.0,0.0,0.0,0.0,1.0,1.0,1.0,0.512,-0.488,0.819,-0.181,1.13,0.127
0.0,0.0,0.0,0.0,2.0,2.0,2.0,2.25,0.246,1.77,-0.232,1.93,-0.0692
0.0,0.0,0.0,0.0,2.0,2.0,2.0,2.21,0.205,1.91,-0.094,2.0,-0.00072
0.0,0.0,0.0,0.0,2.0,2.0,2.0,2.12,0.123,1.9,-0.0979,1.93,-0.0652
125.0,0.0,0.0,0.0,2.0,2.0,2.0,1.78,-0.223,1.33,-0.665,1.55,-0.448
125.0,0.0,0.0,0.0,2.0,2.0,2.0,1.83,-0.167,1.56,-0.435,1.58,-0.423
125.0,0.0,0.0,0.0,2.0,2.0,2.0,1.82,-0.177,1.51,-0.491,1.55,-0.446
250.0,0.0,0.0,0.0,2.0,2.0,2.0,1.74,-0.256,1.35,-0.651,1.78,-0.223
250.0,0.0,0.0,0.0,2.0,2.0,2.0,1.69,-0.31,1.18,-0.816,1.68,-0.316
250.0,0.0,0.0,0.0,2.0,2.0,2.0,1.77,-0.235,1.2,-0.797,1.8,-0.202
375.0,0.0,0.0,0.0,2.0,2.0,2.0,1.44,-0.564,1.33,-0.669,2.05,0.0542
375.0,0.0,0.0,0.0,2.0,2.0,2.0,1.42,-0.583,1.35,-0.647,2.12,0.116
375.0,0.0,0.0,0.0,2.0,2.0,2.0,1.37,-0.634,1.23,-0.775,2.14,0.144
500.0,0.0,0.0,0.0,2.0,2.0,2.0,1.38,-0.619,1.33,-0.671,2.42,0.418
500.0,0.0,0.0,0.0,2.0,2.0,2.0,1.28,-0.722,1.22,-0.784,2.26,0.263
500.0,0.0,0.0,0.0,2.0,2.0,2.0,1.3,-0.699,1.21,-0.792,2.3,0.302
0.0,0.0,0.0,0.0,3.0,3.0,3.0,3.23,0.226,2.8,-0.196,3.13,0.127
0.0,0.0,0.0,0.0,3.0,3.0,3.0,3.14,0.142,2.93,-0.0678,2.82,-0.175
0.0,0.0,0.0,0.0,3.0,3.0,3.0,3.33,0.33,3.24,0.241,3.1,0.101
125.0,0.0,0.0,0.0,3.0,3.0,3.0,2.62,-0.376,2.13,-0.869,2.37,-0.63
125.0,0.0,0.0,0.0,3.0,3.0,3.0,2.66,-0.339,2.25,-0.752,2.24,-0.763
125.0,0.0,0.0,0.0,3.0,3.0,3.0,2.65,-0.353,2.5,-0.498,2.3,-0.7
250.0,0.0,0.0,0.0,3.0,3.0,3.0,2.6,-0.396,2.05,-0.945,2.49,-0.508
250.0,0.0,0.0,0.0,3.0,3.0,3.0,2.54,-0.463,2.16,-0.836,2.48,-0.522
250.0,0.0,0.0,0.0,3.0,3.0,3.0,2.56,-0.438,1.93,-1.07,2.64,-0.362
375.0,0.0,0.0,0.0,3.0,3.0,3.0,2.23,-0.768,1.89,-1.11,3.07,0.0655
375.0,0.0,0.0,0.0,3.0,3.0,3.0,2.32,-0.679,1.96,-1.04,3.08,0.0816
375.0,0.0,0.0,0.0,3.0,3.0,3.0,2.24,-0.757,1.99,-1.01,3.18,0.184
500.0,0.0,0.0,0.0,3.0,3.0,3.0,2.15,-0.847,1.99,-1.01,3.42,0.418
500.0,0.0,0.0,0.0,3.0,3.0,3.0,2.15,-0.854,1.8,-1.2,3.57,0.567
500.0,0.0,0.0,0.0,3.0,3.0,3.0,2.19,-0.809,1.95,-1.05,3.35,0.35
0.0,0.0,0.0,0.0,4.0,4.0,4.0,4.37,0.366,4.13,0.132,4.03,0.0289
0.0,0.0,0.0,0.0,4.0,4.0,4.0,4.32,0.316,4.14,0.145,4.11,0.108
0.0,0.0,0.0,0.0,4.0,4.0,4.0,4.32,0.316,4.16,0.162,4.11,0.109
125.0,0.0,0.0,0.0,4.0,4.0,4.0,3.54,-0.46,3.15,-0.851,3.12,-0.876
125.0,0.0,0.0,0.0,4.0,4.0,4.0,3.51,-0.491,3.1,-0.896,3.07,-0.926
125.0,0.0,0.0,0.0,4.0,4.0,4.0,3.46,-0.538,3.1,-0.895,3.19,-0.812
250.0,0.0,0.0,0.0,4.0,4.0,4.0,3.31,-0.687,2.76,-1.24,3.39,-0.606
250.0,0.0,0.0,0.0,4.0,4.0,4.0,3.27,-0.733,2.89,-1.11,3.37,-0.633
250.0,0.0,0.0,0.0,4.0,4.0,4.0,3.26,-0.738,2.86,-1.14,3.42,-0.581
375.0,0.0,0.0,0.0,4.0,4.0,4.0,2.92,-1.08,2.57,-1.43,4.16,0.162
375.0,0.0,0.0,0.0,4.0,4.0,4.0,3.05,-0.953,2.81,-1.19,4.15,0.148
375.0,0.0,0.0,0.0,4.0,4.0,4.0,2.99,-1.01,2.68,-1.32,4.11,0.113
500.0,0.0,0.0,0.0,4.0,4.0,4.0,2.78,-1.22,2.64,-1.36,4.4,0.396
500.0,0.0,0.0,0.0,4.0,4.0,4.0,2.89,-1.11,2.53,-1.47,4.26,0.261
500.0,0.0,0.0,0.0,4.0,4.0,4.0,2.92,-1.08,2.74,-1.26,4.51,0.506
0.0,0.0,0.0,0.0,5.0,5.0,5.0,5.0,-0.00119,4.96,-0.0358,4.87,-0.131
0.0,0.0,0.0,0.0,5.0,5.0,5.0,5.17,0.174,5.22,0.216,5.16,0.157
0.0,0.0,0.0,0.0,5.0,5.0,5.0,5.16,0.156,5.4,0.404,5.03,0.025
125.0,0.0,0.0,0.0,5.0,5.0,5.0,4.26,-0.736,3.99,-1.01,3.72,-1.28
125.0,0.0,0.0,0.0,5.0,5.0,5.0,4.36,-0.644,4.33,-0.672,3.9,-1.1
125.0,0.0,0.0,0.0,5.0,5.0,5.0,4.33,-0.671,4.03,-0.966,3.74,-1.26
250.0,0.0,0.0,0.0,5.0,5.0,5.0,4.0,-1.0,3.63,-1.37,4.04,-0.963
250.0,0.0,0.0,0.0,5.0,5.0,5.0,4.2,-0.805,3.63,-1.37,4.28,-0.72
250.0,0.0,0.0,0.0,5.0,5.0,5.0,4.02,-0.978,3.74,-1.26,4.13,-0.867
375.0,0.0,0.0,0.0,5.0,5.0,5.0,3.65,-1.35,3.5,-1.5,4.72,-0.283
375.0,0.0,0.0,0.0,5.0,5.0,5.0,3.8,-1.2,3.43,-1.57,4.96,-0.0414
375.0,0.0,0.0,0.0,5.0,5.0,5.0,3.77,-1.23,3.5,-1.5,4.7,-0.299
500.0,0.0,0.0,0.0,5.0,5.0,5.0,3.73,-1.27,3.44,-1.56,5.46,0.455
500.0,0.0,0.0,0.0,5.0,5.0,5.0,3.84,-1.16,3.44,-1.56,5.39,0.393
500.0,0.0,0.0,0.0,5.0,5.0,5.0,3.68,-1.32,3.49,-1.51,5.34,0.339
0.0,0.0,0.0,0.0,0.0,0.0,0.0,0.092,0.092,0.265,0.265,0.0616,0.0616
0.0,0.0,0.0,0.0,0.0,0.0,0.0,0.14,0.14,0.116,0.116,0.0404,0.0404
0.0,0.0,0.0,0.0,0.0,0.0,0.0,-0.00867,-0.00867,0.234,0.234,0.0583,0.0583
0.0,125.0,0.0,0.0,0.0,0.0,0.0,0.138,0.138,0.329,0.329,0.0513,0.0513
0.0,125.0,0.0,0.0,0.0,0.0,0.0,0.0676,0.0676,0.183,0.183,0.0748,0.0748
0.0,125.0,0.0,0.0,0.0,0.0,0.0,0.0655,0.0655,0.187,0.187,0.0599,0.0599
0.0,250.0,0.0,0.0,0.0,0.0,0.0,-0.0452,-0.0452,0.292,0.292,0.0462,0.0462
0.0,250.0,0.0,0.0,0.0,0.0,0.0,-0.0812,-0.0812,0.213,0.213,0.0695,0.0695
0.0,250.0,0.0,0.0,0.0,0.0,0.0,-0.113,-0.113,0.222,0.222,0.0194,0.0194
0.0,375.0,0.0,0.0,0.0,0.0,0.0,0.0268,0.0268,0.169,0.169,0.0642,0.0642
0.0,375.0,0.0,0.0,0.0,0.0,0.0,-0.022,-0.022,0.19,0.19,0.0515,0.0515
0.0,375.0,0.0,0.0,0.0,0.0,0.0,-0.0485,-0.0485,0.148,0.148,0.0787,0.0787
0.0,500.0,0.0,0.0,0.0,0.0,0.0,-0.0515,-0.0515,0.256,0.256,0.106,0.106
0.0,500.0,0.0,0.0,0.0,0.0,0.0,0.0296,0.0296,0.166,0.166,0.0849,0.0849
0.0,500.0,0.0,0.0,0.0,0.0,0.0,-0.0639,-0.0639,0.106,0.106,0.0663,0.0663
0.0,0.0,0.0,0.0,1.0,1.0,1.0,1.11,0.114,0.912,-0.0881,0.823,-0.177
0.0,0.0,0.0,0.0,1.0,1.0,1.0,1.13,0.135,1.02,0.0171,0.872,-0.128
0.0,0.0,0.0,0.0,1.0,1.0,1.0,1.25,0.248,0.969,-0.0308,0.948,-0.0517
0.0,125.0,0.0,0.0,1.0,1.0,1.0,0.937,-0.0629,0.903,-0.0969,0.723,-0.277
0.0,125.0,0.0,0.0,1.0,1.0,1.0,1.08,0.0809,0.925,-0.075,0.784,-0.216
0.0,125.0,0.0,0.0,1.0,1.0,1.0,1.01,0.00983,0.9,-0.1,0.747,-0.253
0.0,250.0,0.0,0.0,1.0,1.0,1.0,0.871,-0.129,0.877,-0.123,0.705,-0.295
0.0,250.0,0.0,0.0,1.0,1.0,1.0,0.963,-0.0374,0.839,-0.161,0.746,-0.254
0.0,250.0,0.0,0.0,1.0,1.0,1.0,0.903,-0.0967,0.813,-0.187,0.795,-0.205
0.0,375.0,0.0,0.0,1.0,1.0,1.0,0.807,-0.193,0.773,-0.227,0.799,-0.201
0.0,375.0,0.0,0.0,1.0,1.0,1.0,0.8,-0.2,0.758,-0.242,0.869,-0.131
0.0,375.0,0.0,0.0,1.0,1.0,1.0,0.807,-0.193,0.872,-0.128,0.77,-0.23
0.0,500.0,0.0,0.0,1.0,1.0,1.0,0.713,-0.287,0.805,-0.195,0.76,-0.24
0.0,500.0,0.0,0.0,1.0,1.0,1.0,0.752,-0.248,0.715,-0.285,0.717,-0.283
0.0,500.0,0.0,0.0,1.0,1.0,1.0,0.774,-0.226,0.657,-0.343,0.703,-0.297
0.0,0.0,0.0,0.0,2.0,2.0,2.0,2.25,0.246,1.77,-0.232,1.93,-0.0692
0.0,0.0,0.0,0.0,2.0,2.0,2.0,2.21,0.205,1.91,-0.094,2.0,-0.00072
0.0,0.0,0.0,0.0,2.0,2.0,2.0,2.12,0.123,1.9,-0.0979,1.93,-0.0652
0.0,125.0,0.0,0.0,2.0,2.0,2.0,1.94,-0.0585,1.6,-0.395,1.72,-0.282
0.0,125.0,0.0,0.0,2.0,2.0,2.0,1.8,-0.197,1.55,-0.448,1.7,-0.297
0.0,125.0,0.0,0.0,2.0,2.0,2.0,1.9,-0.0959,1.69,-0.307,1.63,-0.367
0.0,250.0,0.0,0.0,2.0,2.0,2.0,1.8,-0.2,1.46,-0.544,1.65,-0.347
0.0,250.0,0.0,0.0,2.0,2.0,2.0,1.81,-0.192,1.68,-0.324,1.66,-0.338
0.0,250.0,0.0,0.0,2.0,2.0,2.0,1.86,-0.143,1.63,-0.368,1.75,-0.245
0.0,375.0,0.0,0.0,2.0,2.0,2.0,1.65,-0.349,1.3,-0.7,1.6,-0.399
0.0,375.0,0.0,0.0,2.0,2.0,2.0,1.67,-0.333,1.27,-0.735,1.59,-0.414
0.0,375.0,0.0,0.0,2.0,2.0,2.0,1.7,-0.3,1.29,-0.712,1.59,-0.407
0.0,500.0,0.0,0.0,2.0,2.0,2.0,1.61,-0.387,1.26,-0.736,1.6,-0.401
0.0,500.0,0.0,0.0,2.0,2.0,2.0,1.65,-0.347,1.22,-0.776,1.66,-0.344
0.0,500.0,0.0,0.0,2.0,2.0,2.0,1.57,-0.429,1.32,-0.678,1.74,-0.259
0.0,0.0,0.0,0.0,3.0,3.0,3.0,3.23,0.226,2.8,-0.196,3.13,0.127
0.0,0.0,0.0,0.0,3.0,3.0,3.0,3.14,0.142,2.93,-0.0678,2.82,-0.175
0.0,0.0,0.0,0.0,3.0,3.0,3.0,3.33,0.33,3.24,0.241,3.1,0.101
0.0,125.0,0.0,0.0,3.0,3.0,3.0,2.74,-0.255,2.53,-0.472,2.53,-0.467
0.0,125.0,0.0,0.0,3.0,3.0,3.0,2.74,-0.264,2.48,-0.517,2.56,-0.444
0.0,125.0,0.0,0.0,3.0,3.0,3.0,2.75,-0.248,2.28,-0.718,2.39,-0.606
0.0,250.0,0.0,0.0,3.0,3.0,3.0,2.61,-0.392,2.43,-0.567,2.56,-0.44
0.0,250.0,0.0,0.0,3.0,3.0,3.0,2.77,-0.232,2.5,-0.499,2.79,-0.211
0.0,250.0,0.0,0.0,3.0,3.0,3.0,2.72,-0.28,2.38,-0.619,2.71,-0.285
0.0,375.0,0.0,0.0,3.0,3.0,3.0,2.54,-0.459,1.89,-1.11,2.37,-0.629
0.0,375.0,0.0,0.0,3.0,3.0,3.0,2.38,-0.616,1.86,-1.14,2.55,-0.453
0.0,375.0,0.0,0.0,3.0,3.0,3.0,2.46,-0.54,2.05,-0.945,2.58,-0.424
0.0,500.0,0.0,0.0,3.0,3.0,3.0,2.29,-0.709,1.91,-1.09,2.44,-0.559
0.0,500.0,0.0,0.0,3.0,3.0,3.0,2.35,-0.65,1.82,-1.18,2.37,-0.626
0.0,500.0,0.0,0.0,3.0,3.0,3.0,2.28,-0.718,1.85,-1.15,2.29,-0.711
0.0,0.0,0.0,0.0,4.0,4.0,4.0,4.37,0.366,4.13,0.132,4.03,0.0289
0.0,0.0,0.0,0.0,4.0,4.0,4.0,4.32,0.316,4.14,0.145,4.11,0.108
0.0,0.0,0.0,0.0,4.0,4.0,4.0,4.32,0.316,4.16,0.162,4.11,0.109
0.0,125.0,0.0,0.0,4.0,4.0,4.0,3.54,-0.462,3.42,-0.578,3.34,-0.658
0.0,125.0,0.0,0.0,4.0,4.0,4.0,3.73,-0.265,3.51,-0.488,3.55,-0.452
0.0,125.0,0.0,0.0,4.0,4.0,4.0,3.67,-0.327,3.65,-0.351,3.38,-0.615
0.0,250.0,0.0,0.0,4.0,4.0,4.0,3.43,-0.566,3.13,-0.866,3.38,-0.619
0.0,250.0,0.0,0.0,4.0,4.0,4.0,3.59,-0.41,3.26,-0.745,3.48,-0.523
0.0,250.0,0.0,0.0,4.0,4.0,4.0,3.56,-0.436,3.51,-0.488,3.55,-0.45
0.0,375.0,0.0,0.0,4.0,4.0,4.0,3.29,-0.705,2.63,-1.37,3.24,-0.763
0.0,375.0,0.0,0.0,4.0,4.0,4.0,3.1,-0.899,2.71,-1.29,3.16,-0.84
0.0,375.0,0.0,0.0,4.0,4.0,4.0,3.24,-0.758,2.77,-1.23,3.26,-0.744
0.0,500.0,0.0,0.0,4.0,4.0,4.0,3.15,-0.854,2.73,-1.27,3.27,-0.731
0.0,500.0,0.0,0.0,4.0,4.0,4.0,3.2,-0.804,2.71,-1.29,3.25,-0.751
0.0,500.0,0.0,0.0,4.0,4.0,4.0,3.22,-0.779,2.68,-1.32,3.24,-0.758
0.0,0.0,0.0,0.0,5.0,5.0,5.0,5.0,-0.00119,4.96,-0.0358,4.87,-0.131
0.0,0.0,0.0,0.0,5.0,5.0,5.0,5.17,0.174,5.22,0.216,5.16,0.157
0.0,0.0,0.0,0.0,5.0,5.0,5.0,5.16,0.156,5.4,0.404,5.03,0.025
0.0,125.0,0.0,0.0,5.0,5.0,5.0,4.42,-0.582,4.46,-0.538,4.26,-0.735
0.0,125.0,0.0,0.0,5.0,5.0,5.0,4.53,-0.474,4.49,-0.508,4.2,-0.797
0.0,125.0,0.0,0.0,5.0,5.0,5.0,4.72,-0.281,4.61,-0.386,4.38,-0.621
0.0,250.0,0.0,0.0,5.0,5.0,5.0,4.22,-0.783,4.28,-0.72,4.39,-0.61
0.0,250.0,0.0,0.0,5.0,5.0,5.0,4.32,-0.675,4.14,-0.859,4.29,-0.712
0.0,250.0,0.0,0.0,5.0,5.0,5.0,4.45,-0.546,4.13,-0.874,4.44,-0.556
0.0,375.0,0.0,0.0,5.0,5.0,5.0,3.79,-1.21,3.5,-1.5,3.96,-1.04
0.0,375.0,0.0,0.0,5.0,5.0,5.0,3.97,-1.03,3.55,-1.45,4.2,-0.803
0.0,375.0,0.0,0.0,5.0,5.0,5.0,3.98,-1.02,3.58,-1.42,4.18,-0.818
0.0,500.0,0.0,0.0,5.0,5.0,5.0,4.05,-0.954,3.38,-1.62,4.08,-0.915
0.0,500.0,0.0,0.0,5.0,5.0,5.0,3.89,-1.11,3.26,-1.74,4.19,-0.807
0.0,500.0,0.0,0.0,5.0,5.0,5.0,3.91,-1.09,3.52,-1.48,3.95,-1.05
0.0,0.0,0.0,0.0,0.0,0.0,0.0,-0.351,-0.351,0.214,0.214,0.0912,0.0912
0.0,0.0,0.0,0.0,0.0,0.0,0.0,-0.33,-0.33,0.189,0.189,0.0642,0.0642
0.0,0.0,0.0,0.0,0.0,0.0,0.0,-0.357,-0.357,0.205,0.205,0.0996,0.0996
0.0,0.0,125.0,0.0,0.0,0.0,0.0,-0.338,-0.338,0.249,0.249,0.0806,0.0806
0.0,0.0,125.0,0.0,0.0,0.0,0.0,-0.361,-0.361,0.261,0.261,0.0831,0.0831
0.0,0.0,125.0,0.0,0.0,0.0,0.0,-0.281,-0.281,0.169,0.169,0.0942,0.0942
0.0,0.0,250.0,0.0,0.0,0.0,0.0,-0.359,-0.359,0.169,0.169,0.112,0.112
0.0,0.0,250.0,0.0,0.0,0.0,0.0,-0.399,-0.399,0.265,0.265,0.0467,0.0467
0.0,0.0,250.0,0.0,0.0,0.0,0.0,-0.38,-0.38,0.235,0.235,0.0368,0.0368
0.0,0.0,375.0,0.0,0.0,0.0,0.0,-0.306,-0.306,0.318,0.318,0.138,0.138
0.0,0.0,375.0,0.0,0.0,0.0,0.0,-0.399,-0.399,0.161,0.161,0.0903,0.0903
0.0,0.0,375.0,0.0,0.0,0.0,0.0,-0.333,-0.333,0.11,0.11,0.0781,0.0781
0.0,0.0,500.0,0.0,0.0,0.0,0.0,-0.394,-0.394,0.222,0.222,0.124,0.124
0.0,0.0,500.0,0.0,0.0,0.0,0.0,-0.381,-0.381,0.3,0.3,0.117,0.117
0.0,0.0,500.0,0.0,0.0,0.0,0.0,-0.344,-0.344,0.151,0.151,0.0934,0.0934
0.0,0.0,0.0,0.0,1.0,1.0,1.0,0.756,-0.244,1.01,0.0109,0.999,-0.000645
0.0,0.0,0.0,0.0,1.0,1.0,1.0,0.844,-0.156,1.0,0.00104,1.05,0.0504
0.0,0.0,0.0,0.0,1.0,1.0,1.0,0.8,-0.2,0.967,-0.0329,1.05,0.0534
0.0,0.0,125.0,0.0,1.0,1.0,1.0,0.639,-0.361,0.712,-0.288,0.849,-0.151
0.0,0.0,125.0,0.0,1.0,1.0,1.0,0.583,-0.417,0.915,-0.0851,0.849,-0.151
0.0,0.0,125.0,0.0,1.0,1.0,1.0,0.668,-0.332,0.837,-0.163,0.843,-0.157
0.0,0.0,250.0,0.0,1.0,1.0,1.0,0.539,-0.461,0.814,-0.186,0.954,-0.046
0.0,0.0,250.0,0.0,1.0,1.0,1.0,0.529,-0.471,0.843,-0.157,0.91,-0.0901
0.0,0.0,250.0,0.0,1.0,1.0,1.0,0.527,-0.473,0.77,-0.23,0.892,-0.108
0.0,0.0,375.0,0.0,1.0,1.0,1.0,0.508,-0.492,0.831,-0.169,1.09,0.089
0.0,0.0,375.0,0.0,1.0,1.0,1.0,0.562,-0.438,0.924,-0.076,1.05,0.046
0.0,0.0,375.0,0.0,1.0,1.0,1.0,0.536,-0.464,0.903,-0.0969,1.03,0.0313
0.0,0.0,500.0,0.0,1.0,1.0,1.0,0.48,-0.52,0.732,-0.268,1.17,0.174
0.0,0.0,500.0,0.0,1.0,1.0,1.0,0.503,-0.497,0.721,-0.279,1.25,0.252
0.0,0.0,500.0,0.0,1.0,1.0,1.0,0.453,-0.547,0.662,-0.338,1.18,0.177
0.0,0.0,0.0,0.0,2.0,2.0,2.0,1.81,-0.195,1.9,-0.101,1.97,-0.0267
0.0,0.0,0.0,0.0,2.0,2.0,2.0,1.91,-0.0895,1.99,-0.0119,2.04,0.0406
0.0,0.0,0.0,0.0,2.0,2.0,2.0,1.91,-0.085,1.92,-0.0842,2.05,0.0526
0.0,0.0,125.0,0.0,2.0,2.0,2.0,1.59,-0.411,1.48,-0.516,1.76,-0.239
0.0,0.0,125.0,0.0,2.0,2.0,2.0,1.71,-0.289,1.65,-0.352,1.84,-0.156
0.0,0.0,125.0,0.0,2.0,2.0,2.0,1.59,-0.407,1.54,-0.46,1.9,-0.104
0.0,0.0,250.0,0.0,2.0,2.0,2.0,1.45,-0.551,1.36,-0.64,1.89,-0.107
0.0,0.0,250.0,0.0,2.0,2.0,2.0,1.42,-0.579,1.47,-0.526,1.87,-0.128
0.0,0.0,250.0,0.0,2.0,2.0,2.0,1.54,-0.46,1.49,-0.51,2.08,0.0773
0.0,0.0,375.0,0.0,2.0,2.0,2.0,1.41,-0.591,1.34,-0.655,2.05,0.0462
0.0,0.0,375.0,0.0,2.0,2.0,2.0,1.46,-0.538,1.48,-0.521,2.19,0.192
0.0,0.0,375.0,0.0,2.0,2.0,2.0,1.48,-0.525,1.42,-0.58,2.16,0.157
0.0,0.0,500.0,0.0,2.0,2.0,2.0,1.26,-0.745,1.27,-0.73,2.11,0.11
0.0,0.0,500.0,0.0,2.0,2.0,2.0,1.37,-0.634,1.28,-0.723,2.36,0.361
0.0,0.0,500.0,0.0,2.0,2.0,2.0,1.32,-0.675,1.34,-0.659,2.19,0.19
0.0,0.0,0.0,0.0,3.0,3.0,3.0,3.01,0.00558,3.02,0.0192,3.08,0.0772
0.0,0.0,0.0,0.0,3.0,3.0,3.0,3.0,-0.0025,3.03,0.0321,3.17,0.17
0.0,0.0,0.0,0.0,3.0,3.0,3.0,2.88,-0.117,3.28,0.276,3.16,0.157
0.0,0.0,125.0,0.0,3.0,3.0,3.0,2.52,-0.48,2.58,-0.415,2.61,-0.392
0.0,0.0,125.0,0.0,3.0,3.0,3.0,2.54,-0.459,2.36,-0.64,2.61,-0.388
0.0,0.0,125.0,0.0,3.0,3.0,3.0,2.58,-0.419,2.62,-0.38,2.78,-0.218
0.0,0.0,250.0,0.0,3.0,3.0,3.0,2.39,-0.615,2.46,-0.543,2.92,-0.0839
0.0,0.0,250.0,0.0,3.0,3.0,3.0,2.4,-0.602,2.28,-0.719,2.83,-0.168
0.0,0.0,250.0,0.0,3.0,3.0,3.0,2.43,-0.572,2.28,-0.715,2.91,-0.0905
0.0,0.0,375.0,0.0,3.0,3.0,3.0,2.3,-0.696,2.24,-0.764,3.22,0.215
0.0,0.0,375.0,0.0,3.0,3.0,3.0,2.32,-0.676,2.28,-0.718,3.24,0.245
0.0,0.0,375.0,0.0,3.0,3.0,3.0,2.39,-0.612,2.16,-0.838,3.16,0.158
0.0,0.0,500.0,0.0,3.0,3.0,3.0,2.12,-0.876,2.06,-0.937,3.26,0.265
0.0,0.0,500.0,0.0,3.0,3.0,3.0,2.21,-0.791,2.24,-0.757,3.25,0.251
0.0,0.0,500.0,0.0,3.0,3.0,3.0,2.17,-0.83,1.96,-1.04,3.37,0.372
0.0,0.0,0.0,0.0,4.0,4.0,4.0,3.96,-0.0444,4.27,0.267,4.15,0.155
0.0,0.0,0.0,0.0,4.0,4.0,4.0,3.98,-0.0179,4.43,0.428,4.15,0.152
0.0,0.0,0.0,0.0,4.0,4.0,4.0,4.14,0.141,4.21,0.212,4.24,0.242
0.0,0.0,125.0,0.0,4.0,4.0,4.0,3.41,-0.587,3.38,-0.623,3.61,-0.388
0.0,0.0,125.0,0.0,4.0,4.0,4.0,3.5,-0.505,3.68,-0.317,3.69,-0.313
0.0,0.0,125.0,0.0,4.0,4.0,4.0,3.51,-0.494,3.77,-0.227,3.68,-0.323
0.0,0.0,250.0,0.0,4.0,4.0,4.0,3.26,-0.738,3.16,-0.837,3.92,-0.0753
0.0,0.0,250.0,0.0,4.0,4.0,4.0,3.25,-0.749,3.14,-0.861,3.82,-0.178
0.0,0.0,250.0,0.0,4.0,4.0,4.0,3.27,-0.73,3.27,-0.726,3.94,-0.0583
0.0,0.0,375.0,0.0,4.0,4.0,4.0,2.92,-1.08,3.05,-0.955,4.01,0.00669
0.0,0.0,375.0,0.0,4.0,4.0,4.0,3.2,-0.8,3.12,-0.885,4.05,0.0543
0.0,0.0,375.0,0.0,4.0,4.0,4.0,3.17,-0.835,3.04,-0.963,4.11,0.109
0.0,0.0,500.0,0.0,4.0,4.0,4.0,3.14,-0.856,3.1,-0.902,4.41,0.41
0.0,0.0,500.0,0.0,4.0,4.0,4.0,2.99,-1.01,2.94,-1.06,4.47,0.466
0.0,0.0,500.0,0.0,4.0,4.0,4.0,3.06,-0.94,2.81,-1.19,4.44,0.439
0.0,0.0,0.0,0.0,5.0,5.0,5.0,5.02,0.0207,5.47,0.468,5.32,0.315
0.0,0.0,0.0,0.0,5.0,5.0,5.0,4.96,-0.0368,5.32,0.316,5.21,0.213
0.0,0.0,0.0,0.0,5.0,5.0,5.0,4.97,-0.025,5.55,0.553,5.48,0.482
0.0,0.0,125.0,0.0,5.0,5.0,5.0,4.39,-0.612,4.27,-0.728,4.55,-0.454
0.0,0.0,125.0,0.0,5.0,5.0,5.0,4.45,-0.546,4.35,-0.653,4.57,-0.427
0.0,0.0,125.0,0.0,5.0,5.0,5.0,4.41,-0.586,4.31,-0.694,4.38,-0.617
0.0,0.0,250.0,0.0,5.0,5.0,5.0,4.18,-0.819,3.97,-1.03,4.76,-0.236
0.0,0.0,250.0,0.0,5.0,5.0,5.0,4.05,-0.952,4.24,-0.758,4.66,-0.343
0.0,0.0,250.0,0.0,5.0,5.0,5.0,4.14,-0.864,4.3,-0.701,4.82,-0.176
0.0,0.0,375.0,0.0,5.0,5.0,5.0,4.03,-0.972,4.01,-0.986,5.32,0.315
0.0,0.0,375.0,0.0,5.0,5.0,5.0,4.05,-0.946,4.01,-0.986,5.1,0.102
0.0,0.0,375.0,0.0,5.0,5.0,5.0,4.03,-0.974,4.02,-0.98,5.11,0.107
0.0,0.0,500.0,0.0,5.0,5.0,5.0,3.84,-1.16,3.78,-1.22,5.47,0.473
0.0,0.0,500.0,0.0,5.0,5.0,5.0,3.86,-1.14,3.64,-1.36,5.4,0.405
0.0,0.0,500.0,0.0,5.0,5.0,5.0,3.87,-1.13,3.79,-1.21,5.52,0.519
0.0,0.0,0.0,0.0,0.0,0.0,0.0,-0.418,-0.418,0.155,0.155,0.0785,0.0785
0.0,0.0,0.0,0.0,0.0,0.0,0.0,-0.354,-0.354,0.194,0.194,0.0676,0.0676
0.0,0.0,0.0,0.0,0.0,0.0,0.0,-0.411,-0.411,0.253,0.253,0.0565,0.0565
0.0,0.0,0.0,125.0,0.0,0.0,0.0,-0.354,-0.354,0.285,0.285,0.126,0.126
0.0,0.0,0.0,125.0,0.0,0.0,0.0,-0.333,-0.333,0.217,0.217,0.107,0.107
0.0,0.0,0.0,125.0,0.0,0.0,0.0,-0.359,-0.359,0.124,0.124,0.092,0.092
0.0,0.0,0.0,250.0,0.0,0.0,0.0,-0.517,-0.517,0.161,0.161,0.087,0.087
0.0,0.0,0.0,250.0,0.0,0.0,0.0,-0.48,-0.48,0.289,0.289,0.083,0.083
0.0,0.0,0.0,250.0,0.0,0.0,0.0,-0.506,-0.506,0.252,0.252,0.09,0.09
0.0,0.0,0.0,375.0,0.0,0.0,0.0,-0.366,-0.366,0.21,0.21,0.104,0.104
0.0,0.0,0.0,375.0,0.0,0.0,0.0,-0.478,-0.478,0.205,0.205,0.124,0.124
0.0,0.0,0.0,375.0,0.0,0.0,0.0,-0.346,-0.346,0.223,0.223,0.129,0.129
0.0,0.0,0.0,500.0,0.0,0.0,0.0,-0.496,-0.496,0.0832,0.0832,0.0934,0.0934
0.0,0.0,0.0,500.0,0.0,0.0,0.0,-0.438,-0.438,0.181,0.181,0.118,0.118
0.0,0.0,0.0,500.0,0.0,0.0,0.0,-0.401,-0.401,0.283,0.283,0.1,0.1
0.0,0.0,0.0,0.0,1.0,1.0,1.0,0.726,-0.274,1.04,0.0358,1.09,0.0908
0.0,0.0,0.0,0.0,1.0,1.0,1.0,0.744,-0.256,1.05,0.0543,1.07,0.0693
0.0,0.0,0.0,0.0,1.0,1.0,1.0,0.818,-0.182,1.08,0.0811,0.996,-0.00383
0.0,0.0,0.0,125.0,1.0,1.0,1.0,0.583,-0.417,0.851,-0.149,0.868,-0.132
0.0,0.0,0.0,125.0,1.0,1.0,1.0,0.618,-0.382,0.823,-0.177,0.898,-0.102
0.0,0.0,0.0,125.0,1.0,1.0,1.0,0.634,-0.366,0.918,-0.0823,0.817,-0.183
0.0,0.0,0.0,250.0,1.0,1.0,1.0,0.529,-0.471,0.862,-0.138,0.848,-0.152
0.0,0.0,0.0,250.0,1.0,1.0,1.0,0.492,-0.508,0.861,-0.139,0.787,-0.213
0.0,0.0,0.0,250.0,1.0,1.0,1.0,0.5,-0.5,0.973,-0.0275,0.832,-0.168
0.0,0.0,0.0,375.0,1.0,1.0,1.0,0.514,-0.486,0.83,-0.17,0.883,-0.117
0.0,0.0,0.0,375.0,1.0,1.0,1.0,0.437,-0.563,0.842,-0.158,0.819,-0.181
0.0,0.0,0.0,375.0,1.0,1.0,1.0,0.486,-0.514,0.679,-0.321,0.859,-0.141
0.0,0.0,0.0,500.0,1.0,1.0,1.0,0.488,-0.512,0.677,-0.323,0.746,-0.254
0.0,0.0,0.0,500.0,1.0,1.0,1.0,0.533,-0.467,0.667,-0.333,0.879,-0.121
0.0,0.0,0.0,500.0,1.0,1.0,1.0,0.483,-0.517,0.588,-0.412,0.742,-0.258
0.0,0.0,0.0,0.0,2.0,2.0,2.0,1.84,-0.16,1.99,-0.0146,2.15,0.155
0.0,0.0,0.0,0.0,2.0,2.0,2.0,1.86,-0.143,2.02,0.0199,2.13,0.131
0.0,0.0,0.0,0.0,2.0,2.0,2.0,1.89,-0.109,1.78,-0.222,2.04,0.0395
0.0,0.0,0.0,125.0,2.0,2.0,2.0,1.48,-0.52,1.56,-0.445,1.7,-0.299
0.0,0.0,0.0,125.0,2.0,2.0,2.0,1.62,-0.383,1.46,-0.542,1.86,-0.137
0.0,0.0,0.0,125.0,2.0,2.0,2.0,1.46,-0.536,1.53,-0.472,1.77,-0.226
0.0,0.0,0.0,250.0,2.0,2.0,2.0,1.35,-0.647,1.36,-0.645,1.73,-0.271
0.0,0.0,0.0,250.0,2.0,2.0,2.0,1.36,-0.643,1.33,-0.671,1.7,-0.302
0.0,0.0,0.0,250.0,2.0,2.0,2.0,1.34,-0.659,1.47,-0.53,1.75,-0.25
0.0,0.0,0.0,375.0,2.0,2.0,2.0,1.39,-0.606,1.36,-0.643,1.65,-0.352
0.0,0.0,0.0,375.0,2.0,2.0,2.0,1.32,-0.684,1.34,-0.663,1.7,-0.302
0.0,0.0,0.0,375.0,2.0,2.0,2.0,1.26,-0.742,1.3,-0.699,1.69,-0.314
0.0,0.0,0.0,500.0,2.0,2.0,2.0,1.33,-0.668,1.23,-0.765,1.63,-0.365
0.0,0.0,0.0,500.0,2.0,2.0,2.0,1.3,-0.7,1.2,-0.799,1.67,-0.327
0.0,0.0,0.0,500.0,2.0,2.0,2.0,1.23,-0.767,1.13,-0.873,1.6,-0.403
0.0,0.0,0.0,0.0,3.0,3.0,3.0,2.94,-0.0591,3.06,0.0627,3.2,0.2
0.0,0.0,0.0,0.0,3.0,3.0,3.0,3.02,0.0184,3.18,0.18,3.26,0.261
0.0,0.0,0.0,0.0,3.0,3.0,3.0,3.01,0.0139,3.29,0.287,3.19,0.192
0.0,0.0,0.0,125.0,3.0,3.0,3.0,2.55,-0.446,2.52,-0.481,2.76,-0.239
0.0,0.0,0.0,125.0,3.0,3.0,3.0,2.59,-0.408,2.55,-0.446,2.66,-0.337
0.0,0.0,0.0,125.0,3.0,3.0,3.0,2.58,-0.42,2.55,-0.45,2.81,-0.186
0.0,0.0,0.0,250.0,3.0,3.0,3.0,2.28,-0.718,2.16,-0.842,2.64,-0.362
0.0,0.0,0.0,250.0,3.0,3.0,3.0,2.15,-0.846,2.07,-0.928,2.45,-0.549
0.0,0.0,0.0,250.0,3.0,3.0,3.0,2.24,-0.761,2.21,-0.787,2.53,-0.467
0.0,0.0,0.0,375.0,3.0,3.0,3.0,2.21,-0.792,1.77,-1.23,2.46,-0.543
0.0,0.0,0.0,375.0,3.0,3.0,3.0,2.25,-0.751,1.99,-1.01,2.38,-0.621
0.0,0.0,0.0,375.0,3.0,3.0,3.0,2.28,-0.725,1.91,-1.09,2.43,-0.569
0.0,0.0,0.0,500.0,3.0,3.0,3.0,3.03,0.0334,2.38,-0.617,3.13,0.129
0.0,0.0,0.0,500.0,3.0,3.0,3.0,2.91,-0.0891,2.64,-0.364,3.0,0.0047
0.0,0.0,0.0,500.0,3.0,3.0,3.0,2.94,-0.0616,2.47,-0.53,3.14,0.138
0.0,0.0,0.0,0.0,4.0,4.0,4.0,4.0,-0.00259,4.27,0.274,4.3,0.303
0.0,0.0,0.0,0.0,4.0,4.0,4.0,4.17,0.166,4.55,0.55,4.65,0.647
0.0,0.0,0.0,0.0,4.0,4.0,4.0,4.17,0.168,4.51,0.507,4.35,0.345
0.0,0.0,0.0,125.0,4.0,4.0,4.0,3.3,-0.703,3.43,-0.572,3.51,-0.493
0.0,0.0,0.0,125.0,4.0,4.0,4.0,3.4,-0.602,3.36,-0.64,3.6,-0.405
0.0,0.0,0.0,125.0,4.0,4.0,4.0,3.47,-0.535,3.48,-0.519,3.66,-0.345
0.0,0.0,0.0,250.0,4.0,4.0,4.0,3.23,-0.773,3.03,-0.974,3.38,-0.624
0.0,0.0,0.0,250.0,4.0,4.0,4.0,3.27,-0.727,3.17,-0.832,3.54,-0.465
0.0,0.0,0.0,250.0,4.0,4.0,4.0,3.15,-0.849,3.18,-0.824,3.29,-0.71
0.0,0.0,0.0,375.0,4.0,4.0,4.0,3.98,-0.0198,3.69,-0.31,4.18,0.185
0.0,0.0,0.0,375.0,4.0,4.0,4.0,3.97,-0.0272,3.61,-0.394,4.08,0.0763
0.0,0.0,0.0,375.0,4.0,4.0,4.0,3.99,-0.00969,3.61,-0.388,4.04,0.0367
0.0,0.0,0.0,500.0,4.0,4.0,4.0,3.73,-0.272,3.22,-0.78,3.77,-0.23
0.0,0.0,0.0,500.0,4.0,4.0,4.0,3.76,-0.242,3.52,-0.48,3.86,-0.136
0.0,0.0,0.0,500.0,4.0,4.0,4.0,3.72,-0.277,3.41,-0.593,3.82,-0.177
0.0,0.0,0.0,0.0,5.0,5.0,5.0,5.0,-0.0048,5.37,0.369,5.65,0.654
0.0,0.0,0.0,0.0,5.0,5.0,5.0,5.1,0.101,5.7,0.698,5.45,0.445
0.0,0.0,0.0,0.0,5.0,5.0,5.0,5.03,0.0286,5.46,0.461,5.37,0.366
0.0,0.0,0.0,125.0,5.0,5.0,5.0,4.15,-0.853,4.25,-0.753,4.19,-0.813
0.0,0.0,0.0,125.0,5.0,5.0,5.0,4.26,-0.742,4.24,-0.761,4.24,-0.763
0.0,0.0,0.0,125.0,5.0,5.0,5.0,4.24,-0.76,4.26,-0.739,4.5,-0.503
0.0,0.0,0.0,250.0,5.0,5.0,5.0,3.89,-1.11,3.86,-1.14,4.04,-0.958
0.0,0.0,0.0,250.0,5.0,5.0,5.0,4.03,-0.966,4.16,-0.838,4.23,-0.772
0.0,0.0,0.0,250.0,5.0,5.0,5.0,4.12,-0.879,4.09,-0.913,4.31,-0.688
0.0,0.0,0.0,375.0,5.0,5.0,5.0,4.61,-0.39,4.38,-0.617,4.76,-0.243
0.0,0.0,0.0,375.0,5.0,5.0,5.0,4.75,-0.251,4.64,-0.355,4.81,-0.193
0.0,0.0,0.0,375.0,5.0,5.0,5.0,4.68,-0.316,4.22,-0.777,4.9,-0.104
0.0,0.0,0.0,500.0,5.0,5.0,5.0,4.5,-0.499,3.86,-1.14,4.53,-0.473
0.0,0.0,0.0,500.0,5.0,5.0,5.0,4.47,-0.528,3.91,-1.09,4.34,-0.657
0.0,0.0,0.0,500.0,5.0,5.0,5.0,4.57,-0.431,3.99,-1.01,4.37,-0.625
0.0,0.0,0.0,0.0,0.0,0.0,0.0,0.138,0.138,0.179,0.179,0.111,0.111
0.0,0.0,0.0,0.0,0.0,0.0,0.0,0.188,0.188,0.167,0.167,0.049,0.049
0.0,0.0,0.0,0.0,0.0,0.0,0.0,0.161,0.161,0.209,0.209,0.0411,0.0411
125.0,125.0,0.0,0.0,0.0,0.0,0.0,0.138,0.138,0.216,0.216,0.0438,0.0438
125.0,125.0,0.0,0.0,0.0,0.0,0.0,0.106,0.106,0.305,0.305,0.0557,0.0557
125.0,125.0,0.0,0.0,0.0,0.0,0.0,0.0233,0.0233,0.26,0.26,0.0277,0.0277
125.0,375.0,0.0,0.0,0.0,0.0,0.0,-0.145,-0.145,0.224,0.224,0.0546,0.0546
125.0,375.0,0.0,0.0,0.0,0.0,0.0,-0.0515,-0.0515,0.149,0.149,0.0315,0.0315
125.0,375.0,0.0,0.0,0.0,0.0,0.0,-0.134,-0.134,0.246,0.246,0.0603,0.0603
250.0,250.0,0.0,0.0,0.0,0.0,0.0,0.22,0.22,0.0844,0.0844,0.0831,0.0831
250.0,250.0,0.0,0.0,0.0,0.0,0.0,0.189,0.189,0.0801,0.0801,0.0527,0.0527
250.0,250.0,0.0,0.0,0.0,0.0,0.0,0.169,0.169,0.255,0.255,0.06,0.06
250.0,500.0,0.0,0.0,0.0,0.0,0.0,-0.11,-0.11,0.126,0.126,0.118,0.118
250.0,500.0,0.0,0.0,0.0,0.0,0.0,-0.137,-0.137,0.132,0.132,0.0756,0.0756
250.0,500.0,0.0,0.0,0.0,0.0,0.0,-0.137,-0.137,0.149,0.149,0.0694,0.0694
375.0,125.0,0.0,0.0,0.0,0.0,0.0,-0.077,-0.077,0.197,0.197,0.0446,0.0446
375.0,125.0,0.0,0.0,0.0,0.0,0.0,-0.035,-0.035,0.131,0.131,0.00486,0.00486
375.0,125.0,0.0,0.0,0.0,0.0,0.0,-0.0893,-0.0893,0.178,0.178,0.0155,0.0155
375.0,375.0,0.0,0.0,0.0,0.0,0.0,0.102,0.102,0.127,0.127,0.0399,0.0399
375.0,375.0,0.0,0.0,0.0,0.0,0.0,0.11,0.11,0.193,0.193,0.0586,0.0586
375.0,375.0,0.0,0.0,0.0,0.0,0.0,0.00628,0.00628,0.176,0.176,0.0693,0.0693
500.0,250.0,0.0,0.0,0.0,0.0,0.0,-0.0407,-0.0407,0.29,0.29,0.0977,0.0977
500.0,250.0,0.0,0.0,0.0,0.0,0.0,-0.037,-0.037,0.176,0.176,0.0193,0.0193
500.0,250.0,0.0,0.0,0.0,0.0,0.0,-0.115,-0.115,0.231,0.231,0.0179,0.0179
500.0,500.0,0.0,0.0,0.0,0.0,0.0,0.189,0.189,0.165,0.165,0.0691,0.0691
500.0,500.0,0.0,0.0,0.0,0.0,0.0,0.205,0.205,0.119,0.119,0.0931,0.0931
500.0,500.0,0.0,0.0,0.0,0.0,0.0,0.106,0.106,0.223,0.223,0.0518,0.0518
0.0,0.0,0.0,0.0,1.0,1.0,1.0,1.17,0.166,0.647,-0.353,0.844,-0.156
0.0,0.0,0.0,0.0,1.0,1.0,1.0,1.12,0.119,0.848,-0.152,0.871,-0.129
0.0,0.0,0.0,0.0,1.0,1.0,1.0,1.22,0.221,0.911,-0.0888,0.906,-0.0943
125.0,125.0,0.0,0.0,1.0,1.0,1.0,0.901,-0.0992,0.748,-0.252,0.75,-0.25
125.0,125.0,0.0,0.0,1.0,1.0,1.0,0.953,-0.0474,0.773,-0.227,0.838,-0.162
125.0,125.0,0.0,0.0,1.0,1.0,1.0,0.917,-0.0835,0.88,-0.12,0.8,-0.2
125.0,375.0,0.0,0.0,1.0,1.0,1.0,0.774,-0.226,0.846,-0.154,0.884,-0.116
125.0,375.0,0.0,0.0,1.0,1.0,1.0,0.718,-0.282,0.739,-0.261,0.763,-0.237
125.0,375.0,0.0,0.0,1.0,1.0,1.0,0.606,-0.394,0.769,-0.231,0.861,-0.139
250.0,250.0,0.0,0.0,1.0,1.0,1.0,0.921,-0.0793,0.793,-0.207,0.843,-0.157
250.0,250.0,0.0,0.0,1.0,1.0,1.0,0.895,-0.105,0.646,-0.354,0.843,-0.157
250.0,250.0,0.0,0.0,1.0,1.0,1.0,0.946,-0.0544,0.664,-0.336,0.845,-0.155
250.0,500.0,0.0,0.0,1.0,1.0,1.0,0.618,-0.382,0.655,-0.345,0.829,-0.171
250.0,500.0,0.0,0.0,1.0,1.0,1.0,0.668,-0.332,0.742,-0.258,0.79,-0.21
250.0,500.0,0.0,0.0,1.0,1.0,1.0,0.627,-0.373,0.73,-0.27,0.788,-0.212
375.0,125.0,0.0,0.0,1.0,1.0,1.0,0.815,-0.185,0.574,-0.426,0.967,-0.0332
375.0,125.0,0.0,0.0,1.0,1.0,1.0,0.727,-0.273,0.617,-0.383,1.09,0.0857
375.0,125.0,0.0,0.0,1.0,1.0,1.0,0.7,-0.3,0.646,-0.354,1.03,0.031
375.0,375.0,0.0,0.0,1.0,1.0,1.0,0.862,-0.138,0.617,-0.383,0.875,-0.125
375.0,375.0,0.0,0.0,1.0,1.0,1.0,0.974,-0.0263,0.608,-0.392,0.873,-0.127
375.0,375.0,0.0,0.0,1.0,1.0,1.0,0.918,-0.0821,0.61,-0.39,0.896,-0.104
500.0,250.0,0.0,0.0,1.0,1.0,1.0,0.731,-0.269,0.629,-0.371,1.03,0.0296
500.0,250.0,0.0,0.0,1.0,1.0,1.0,0.685,-0.315,0.537,-0.463,1.05,0.0508
500.0,250.0,0.0,0.0,1.0,1.0,1.0,0.76,-0.24,0.694,-0.306,1.11,0.113
500.0,500.0,0.0,0.0,1.0,1.0,1.0,0.9,-0.1,0.633,-0.367,0.944,-0.0557
500.0,500.0,0.0,0.0,1.0,1.0,1.0,0.853,-0.147,0.578,-0.422,0.995,-0.00498
500.0,500.0,0.0,0.0,1.0,1.0,1.0,0.817,-0.183,0.683,-0.317,0.9,-0.0997
0.0,0.0,0.0,0.0,2.0,2.0,2.0,2.06,0.0613,1.48,-0.524,1.82,-0.175
0.0,0.0,0.0,0.0,2.0,2.0,2.0,2.02,0.024,1.65,-0.35,1.81,-0.187
0.0,0.0,0.0,0.0,2.0,2.0,2.0,2.0,0.00283,1.61,-0.393,1.75,-0.253
125.0,125.0,0.0,0.0,2.0,2.0,2.0,1.66,-0.343,1.31,-0.69,1.64,-0.359
125.0,125.0,0.0,0.0,2.0,2.0,2.0,1.7,-0.305,1.27,-0.732,1.61,-0.391
125.0,125.0,0.0,0.0,2.0,2.0,2.0,1.75,-0.246,1.33,-0.666,1.66,-0.339
125.0,375.0,0.0,0.0,2.0,2.0,2.0,1.45,-0.549,1.31,-0.688,1.71,-0.295
125.0,375.0,0.0,0.0,2.0,2.0,2.0,1.43,-0.565,1.25,-0.746,1.79,-0.213
125.0,375.0,0.0,0.0,2.0,2.0,2.0,1.47,-0.534,1.37,-0.629,1.79,-0.208
250.0,250.0,0.0,0.0,2.0,2.0,2.0,1.7,-0.301,1.14,-0.863,1.79,-0.212
250.0,250.0,0.0,0.0,2.0,2.0,2.0,1.7,-0.298,1.12,-0.877,1.85,-0.154
250.0,250.0,0.0,0.0,2.0,2.0,2.0,1.71,-0.294,1.07,-0.932,1.85,-0.15
250.0,500.0,0.0,0.0,2.0,2.0,2.0,1.45,-0.546,1.28,-0.724,1.78,-0.221
250.0,500.0,0.0,0.0,2.0,2.0,2.0,1.34,-0.664,1.25,-0.755,1.73,-0.273
250.0,500.0,0.0,0.0,2.0,2.0,2.0,1.39,-0.606,1.09,-0.906,1.69,-0.31
375.0,125.0,0.0,0.0,2.0,2.0,2.0,1.46,-0.536,1.08,-0.916,2.05,0.0504
375.0,125.0,0.0,0.0,2.0,2.0,2.0,1.43,-0.567,1.17,-0.829,2.17,0.17
375.0,125.0,0.0,0.0,2.0,2.0,2.0,1.49,-0.514,1.24,-0.762,2.2,0.202
375.0,375.0,0.0,0.0,2.0,2.0,2.0,1.56,-0.444,1.12,-0.882,1.84,-0.164
375.0,375.0,0.0,0.0,2.0,2.0,2.0,1.56,-0.442,1.09,-0.912,1.84,-0.16
375.0,375.0,0.0,0.0,2.0,2.0,2.0,1.56,-0.435,1.11,-0.888,1.92,-0.083
500.0,250.0,0.0,0.0,2.0,2.0,2.0,1.49,-0.508,0.984,-1.02,2.29,0.289
500.0,250.0,0.0,0.0,2.0,2.0,2.0,1.51,-0.486,1.07,-0.928,2.4,0.403
500.0,250.0,0.0,0.0,2.0,2.0,2.0,1.46,-0.544,1.13,-0.873,2.33,0.331
500.0,500.0,0.0,0.0,2.0,2.0,2.0,1.45,-0.551,1.09,-0.91,1.84,-0.156
500.0,500.0,0.0,0.0,2.0,2.0,2.0,1.67,-0.332,1.08,-0.923,1.94,-0.0581
500.0,500.0,0.0,0.0,2.0,2.0,2.0,1.64,-0.359,1.11,-0.887,1.89,-0.114
0.0,0.0,0.0,0.0,3.0,3.0,3.0,2.91,-0.0852,2.51,-0.49,2.65,-0.347
0.0,0.0,0.0,0.0,3.0,3.0,3.0,2.93,-0.0691,2.48,-0.516,2.71,-0.289
0.0,0.0,0.0,0.0,3.0,3.0,3.0,2.92,-0.0831,2.64,-0.361,2.64,-0.358
125.0,125.0,0.0,0.0,3.0,3.0,3.0,2.36,-0.637,1.86,-1.14,2.31,-0.693
125.0,125.0,0.0,0.0,3.0,3.0,3.0,2.41,-0.593,1.9,-1.1,2.38,-0.622
125.0,125.0,0.0,0.0,3.0,3.0,3.0,2.46,-0.538,1.96,-1.04,2.46,-0.537
125.0,375.0,0.0,0.0,3.0,3.0,3.0,2.22,-0.776,1.68,-1.32,2.7,-0.298
125.0,375.0,0.0,0.0,3.0,3.0,3.0,2.19,-0.812,2.1,-0.904,2.78,-0.22
125.0,375.0,0.0,0.0,3.0,3.0,3.0,2.15,-0.848,1.77,-1.23,2.64,-0.358
250.0,250.0,0.0,0.0,3.0,3.0,3.0,2.46,-0.536,1.88,-1.12,2.85,-0.152
250.0,250.0,0.0,0.0,3.0,3.0,3.0,2.31,-0.686,1.71,-1.29,2.66,-0.343
250.0,250.0,0.0,0.0,3.0,3.0,3.0,2.31,-0.687,1.8,-1.2,2.72,-0.284
250.0,500.0,0.0,0.0,3.0,3.0,3.0,2.09,-0.905,1.64,-1.36,2.66,-0.337
250.0,500.0,0.0,0.0,3.0,3.0,3.0,2.16,-0.836,1.63,-1.37,2.73,-0.265
250.0,500.0,0.0,0.0,3.0,3.0,3.0,2.06,-0.942,1.69,-1.31,2.68,-0.318
375.0,125.0,0.0,0.0,3.0,3.0,3.0,1.96,-1.04,1.63,-1.37,2.96,-0.0401
375.0,125.0,0.0,0.0,3.0,3.0,3.0,2.16,-0.838,1.73,-1.27,3.14,0.141
375.0,125.0,0.0,0.0,3.0,3.0,3.0,2.09,-0.908,1.77,-1.23,3.18,0.176
375.0,375.0,0.0,0.0,3.0,3.0,3.0,2.32,-0.684,1.55,-1.45,2.94,-0.0582
375.0,375.0,0.0,0.0,3.0,3.0,3.0,2.28,-0.72,1.63,-1.37,2.93,-0.0662
375.0,375.0,0.0,0.0,3.0,3.0,3.0,2.3,-0.699,1.48,-1.52,2.75,-0.246
500.0,250.0,0.0,0.0,3.0,3.0,3.0,2.18,-0.818,1.48,-1.52,3.47,0.466
500.0,250.0,0.0,0.0,3.0,3.0,3.0,2.05,-0.95,1.53,-1.47,3.46,0.458
500.0,250.0,0.0,0.0,3.0,3.0,3.0,2.11,-0.894,1.49,-1.51,3.66,0.663
500.0,500.0,0.0,0.0,3.0,3.0,3.0,2.25,-0.746,1.59,-1.41,3.16,0.155
500.0,500.0,0.0,0.0,3.0,3.0,3.0,2.29,-0.708,1.62,-1.38,2.95,-0.05
500.0,500.0,0.0,0.0,3.0,3.0,3.0,2.26,-0.736,1.59,-1.41,2.88,-0.118
0.0,0.0,0.0,0.0,4.0,4.0,4.0,3.78,-0.224,3.48,-0.519,3.63,-0.372
0.0,0.0,0.0,0.0,4.0,4.0,4.0,3.89,-0.114,3.62,-0.376,3.81,-0.188
0.0,0.0,0.0,0.0,4.0,4.0,4.0,3.81,-0.19,3.31,-0.694,3.57,-0.428
125.0,125.0,0.0,0.0,4.0,4.0,4.0,3.05,-0.947,2.56,-1.44,2.84,-1.16
125.0,125.0,0.0,0.0,4.0,4.0,4.0,3.08,-0.918,2.73,-1.27,3.13,-0.868
125.0,125.0,0.0,0.0,4.0,4.0,4.0,3.1,-0.905,2.53,-1.47,3.27,-0.733
125.0,375.0,0.0,0.0,4.0,4.0,4.0,3.07,-0.931,2.7,-1.3,3.58,-0.421
125.0,375.0,0.0,0.0,4.0,4.0,4.0,2.93,-1.07,2.45,-1.55,3.48,-0.525
125.0,375.0,0.0,0.0,4.0,4.0,4.0,2.97,-1.03,2.6,-1.4,3.59,-0.405
250.0,250.0,0.0,0.0,4.0,4.0,4.0,2.95,-1.05,2.37,-1.63,3.53,-0.466
250.0,250.0,0.0,0.0,4.0,4.0,4.0,2.91,-1.09,2.27,-1.73,3.67,-0.325
250.0,250.0,0.0,0.0,4.0,4.0,4.0,2.88,-1.12,2.18,-1.82,3.47,-0.53
250.0,500.0,0.0,0.0,4.0,4.0,4.0,2.8,-1.2,2.2,-1.8,3.34,-0.662
250.0,500.0,0.0,0.0,4.0,4.0,4.0,2.84,-1.16,2.45,-1.55,3.52,-0.481
250.0,500.0,0.0,0.0,4.0,4.0,4.0,2.84,-1.16,2.32,-1.68,3.52,-0.475
375.0,125.0,0.0,0.0,4.0,4.0,4.0,2.95,-1.05,2.37,-1.63,4.18,0.177
375.0,125.0,0.0,0.0,4.0,4.0,4.0,2.83,-1.17,2.48,-1.52,4.01,0.0143
375.0,125.0,0.0,0.0,4.0,4.0,4.0,2.77,-1.23,2.18,-1.82,4.14,0.143
375.0,375.0,0.0,0.0,4.0,4.0,4.0,2.88,-1.12,2.22,-1.78,3.8,-0.202
375.0,375.0,0.0,0.0,4.0,4.0,4.0,2.91,-1.09,2.16,-1.84,3.78,-0.217
375.0,375.0,0.0,0.0,4.0,4.0,4.0,2.88,-1.12,2.23,-1.77,3.84,-0.165
500.0,250.0,0.0,0.0,4.0,4.0,4.0,2.85,-1.15,2.1,-1.9,4.66,0.655
500.0,250.0,0.0,0.0,4.0,4.0,4.0,2.83,-1.17,2.11,-1.89,4.57,0.575
500.0,250.0,0.0,0.0,4.0,4.0,4.0,2.71,-1.29,2.19,-1.81,4.53,0.531
500.0,500.0,0.0,0.0,4.0,4.0,4.0,2.78,-1.22,2.25,-1.75,3.87,-0.129
500.0,500.0,0.0,0.0,4.0,4.0,4.0,2.8,-1.2,2.18,-1.82,3.98,-0.0152
500.0,500.0,0.0,0.0,4.0,4.0,4.0,2.83,-1.17,2.13,-1.87,3.76,-0.237
0.0,0.0,0.0,0.0,5.0,5.0,5.0,4.63,-0.369,4.54,-0.458,4.28,-0.725
0.0,0.0,0.0,0.0,5.0,5.0,5.0,4.58,-0.417,4.64,-0.365,4.37,-0.632
0.0,0.0,0.0,0.0,5.0,5.0,5.0,4.53,-0.472,4.45,-0.551,4.4,-0.603
125.0,125.0,0.0,0.0,5.0,5.0,5.0,3.83,-1.17,3.36,-1.64,3.93,-1.07
125.0,125.0,0.0,0.0,5.0,5.0,5.0,3.73,-1.27,3.55,-1.45,3.91,-1.09
125.0,125.0,0.0,0.0,5.0,5.0,5.0,3.81,-1.19,3.52,-1.48,3.83,-1.17
125.0,375.0,0.0,0.0,5.0,5.0,5.0,3.93,-1.07,3.5,-1.5,4.51,-0.486
125.0,375.0,0.0,0.0,5.0,5.0,5.0,3.63,-1.37,3.22,-1.78,4.2,-0.799
125.0,375.0,0.0,0.0,5.0,5.0,5.0,3.72,-1.28,3.38,-1.62,4.33,-0.674
250.0,250.0,0.0,0.0,5.0,5.0,5.0,3.59,-1.41,3.08,-1.92,4.59,-0.409
250.0,250.0,0.0,0.0,5.0,5.0,5.0,3.55,-1.45,3.26,-1.74,4.3,-0.705
250.0,250.0,0.0,0.0,5.0,5.0,5.0,3.66,-1.34,3.28,-1.72,4.54,-0.458
250.0,500.0,0.0,0.0,5.0,5.0,5.0,3.49,-1.51,3.19,-1.81,4.27,-0.732
250.0,500.0,0.0,0.0,5.0,5.0,5.0,3.62,-1.38,3.26,-1.74,4.37,-0.628
250.0,500.0,0.0,0.0,5.0,5.0,5.0,3.4,-1.6,3.04,-1.96,4.32,-0.684
375.0,125.0,0.0,0.0,5.0,5.0,5.0,3.37,-1.63,2.86,-2.14,5.22,0.216
375.0,125.0,0.0,0.0,5.0,5.0,5.0,3.61,-1.39,2.93,-2.07,5.25,0.253
375.0,125.0,0.0,0.0,5.0,5.0,5.0,3.51,-1.49,3.09,-1.91,4.98,-0.0207
375.0,375.0,0.0,0.0,5.0,5.0,5.0,3.49,-1.51,2.86,-2.14,4.52,-0.483
375.0,375.0,0.0,0.0,5.0,5.0,5.0,3.38,-1.62,2.63,-2.37,4.62,-0.376
375.0,375.0,0.0,0.0,5.0,5.0,5.0,3.52,-1.48,2.81,-2.19,4.59,-0.411
500.0,250.0,0.0,0.0,5.0,5.0,5.0,3.56,-1.44,2.66,-2.34,5.5,0.497
500.0,250.0,0.0,0.0,5.0,5.0,5.0,3.5,-1.5,2.98,-2.02,5.78,0.778
500.0,250.0,0.0,0.0,5.0,5.0,5.0,3.42,-1.58,2.75,-2.25,5.38,0.379
500.0,500.0,0.0,0.0,5.0,5.0,5.0,3.48,-1.52,2.63,-2.37,4.77,-0.233
500.0,500.0,0.0,0.0,5.0,5.0,5.0,3.56,-1.44,2.84,-2.16,4.81,-0.195
500.0,500.0,0.0,0.0,5.0,5.0,5.0,3.5,-1.5,2.79,-2.21,4.84,-0.163
0.0,0.0,0.0,0.0,0.0,0.0,0.0,0.0948,0.0948,0.159,0.159,0.282,0.282
0.0,0.0,0.0,0.0,0.0,0.0,0.0,0.0662,0.0662,0.182,0.182,0.127,0.127
0.0,0.0,0.0,0.0,0.0,0.0,0.0,0.124,0.124,0.169,0.169,0.0627,0.0627
250.0,250.0,250.0,0.0,0.0,0.0,0.0,0.184,0.184,0.237,0.237,0.273,0.273
250.0,250.0,250.0,0.0,0.0,0.0,0.0,0.179,0.179,0.151,0.151,0.092,0.092
250.0,250.0,250.0,0.0,0.0,0.0,0.0,0.14,0.14,0.166,0.166,0.0548,0.0548
250.0,250.0,500.0,0.0,0.0,0.0,0.0,0.155,0.155,0.126,0.126,0.0751,0.0751
250.0,250.0,500.0,0.0,0.0,0.0,0.0,0.146,0.146,0.249,0.249,0.0156,0.0156
250.0,250.0,500.0,0.0,0.0,0.0,0.0,0.182,0.182,0.172,0.172,0.0591,0.0591
500.0,500.0,250.0,0.0,0.0,0.0,0.0,0.213,0.213,0.0701,0.0701,0.0509,0.0509
500.0,500.0,250.0,0.0,0.0,0.0,0.0,0.188,0.188,0.083,0.083,0.0424,0.0424
500.0,500.0,250.0,0.0,0.0,0.0,0.0,0.11,0.11,0.107,0.107,0.0593,0.0593
500.0,500.0,500.0,0.0,0.0,0.0,0.0,0.211,0.211,0.103,0.103,0.0641,0.0641
500.0,500.0,500.0,0.0,0.0,0.0,0.0,0.163,0.163,0.155,0.155,0.0671,0.0671
500.0,500.0,500.0,0.0,0.0,0.0,0.0,0.102,0.102,0.0989,0.0989,0.0742,0.0742
0.0,0.0,0.0,0.0,1.0,1.0,1.0,1.11,0.111,0.839,-0.161,0.929,-0.0712
0.0,0.0,0.0,0.0,1.0,1.0,1.0,1.07,0.0678,0.838,-0.162,0.823,-0.177
0.0,0.0,0.0,0.0,1.0,1.0,1.0,1.03,0.0322,0.915,-0.0849,0.891,-0.109
250.0,250.0,250.0,0.0,1.0,1.0,1.0,0.888,-0.112,0.734,-0.266,1.09,0.0908
250.0,250.0,250.0,0.0,1.0,1.0,1.0,1.01,0.00836,0.84,-0.16,1.1,0.102
250.0,250.0,250.0,0.0,1.0,1.0,1.0,0.904,-0.0955,0.794,-0.206,1.03,0.028
250.0,250.0,500.0,0.0,1.0,1.0,1.0,0.9,-0.0998,0.697,-0.303,1.44,0.435
250.0,250.0,500.0,0.0,1.0,1.0,1.0,0.958,-0.0418,0.652,-0.348,1.23,0.228
250.0,250.0,500.0,0.0,1.0,1.0,1.0,0.961,-0.0391,0.673,-0.327,1.25,0.254
500.0,500.0,250.0,0.0,1.0,1.0,1.0,0.899,-0.101,0.47,-0.53,1.06,0.059
500.0,500.0,250.0,0.0,1.0,1.0,1.0,0.867,-0.133,0.512,-0.488,0.973,-0.0265
500.0,500.0,250.0,0.0,1.0,1.0,1.0,0.832,-0.168,0.558,-0.442,1.01,0.00619
500.0,500.0,500.0,0.0,1.0,1.0,1.0,0.89,-0.11,0.553,-0.447,1.1,0.101
500.0,500.0,500.0,0.0,1.0,1.0,1.0,0.795,-0.205,0.628,-0.372,1.15,0.149
500.0,500.0,500.0,0.0,1.0,1.0,1.0,0.784,-0.216,0.54,-0.46,1.13,0.131
0.0,0.0,0.0,0.0,2.0,2.0,2.0,1.99,-0.00627,1.67,-0.331,1.81,-0.188
0.0,0.0,0.0,0.0,2.0,2.0,2.0,1.9,-0.0992,1.57,-0.426,1.87,-0.132
0.0,0.0,0.0,0.0,2.0,2.0,2.0,1.98,-0.021,1.5,-0.505,1.83,-0.173
250.0,250.0,250.0,0.0,2.0,2.0,2.0,1.74,-0.256,1.22,-0.782,2.34,0.343
250.0,250.0,250.0,0.0,2.0,2.0,2.0,1.58,-0.417,1.22,-0.781,2.22,0.223
250.0,250.0,250.0,0.0,2.0,2.0,2.0,1.74,-0.262,1.19,-0.808,2.37,0.374
250.0,250.0,500.0,0.0,2.0,2.0,2.0,1.64,-0.363,1.21,-0.788,2.62,0.619
250.0,250.0,500.0,0.0,2.0,2.0,2.0,1.58,-0.423,1.12,-0.882,2.68,0.677
250.0,250.0,500.0,0.0,2.0,2.0,2.0,1.59,-0.412,1.13,-0.868,2.87,0.869
500.0,500.0,250.0,0.0,2.0,2.0,2.0,1.44,-0.56,1.05,-0.953,2.19,0.187
500.0,500.0,250.0,0.0,2.0,2.0,2.0,1.43,-0.567,0.959,-1.04,2.25,0.255
500.0,500.0,250.0,0.0,2.0,2.0,2.0,1.47,-0.529,1.11,-0.888,2.23,0.229
500.0,500.0,500.0,0.0,2.0,2.0,2.0,1.44,-0.56,0.893,-1.11,2.14,0.14
500.0,500.0,500.0,0.0,2.0,2.0,2.0,1.43,-0.566,0.911,-1.09,2.16,0.165
500.0,500.0,500.0,0.0,2.0,2.0,2.0,1.49,-0.512,1.08,-0.917,2.36,0.359
0.0,0.0,0.0,0.0,3.0,3.0,3.0,2.84,-0.158,2.74,-0.259,2.84,-0.164
0.0,0.0,0.0,0.0,3.0,3.0,3.0,2.85,-0.147,2.76,-0.242,2.81,-0.19
0.0,0.0,0.0,0.0,3.0,3.0,3.0,2.86,-0.142,2.72,-0.282,2.98,-0.0242
250.0,250.0,250.0,0.0,3.0,3.0,3.0,2.41,-0.587,1.81,-1.19,3.41,0.413
250.0,250.0,250.0,0.0,3.0,3.0,3.0,2.4,-0.605,1.75,-1.25,3.41,0.409
250.0,250.0,250.0,0.0,3.0,3.0,3.0,2.37,-0.634,1.75,-1.25,3.4,0.399
250.0,250.0,500.0,0.0,3.0,3.0,3.0,2.35,-0.653,1.58,-1.42,4.04,1.04
250.0,250.0,500.0,0.0,3.0,3.0,3.0,2.28,-0.721,1.6,-1.4,4.15,1.15
250.0,250.0,500.0,0.0,3.0,3.0,3.0,2.42,-0.576,1.6,-1.4,4.2,1.2
500.0,500.0,250.0,0.0,3.0,3.0,3.0,2.24,-0.763,1.67,-1.33,3.46,0.461
500.0,500.0,250.0,0.0,3.0,3.0,3.0,2.12,-0.881,1.51,-1.49,3.43,0.427
500.0,500.0,250.0,0.0,3.0,3.0,3.0,2.14,-0.864,1.62,-1.38,3.33,0.332
500.0,500.0,500.0,0.0,3.0,3.0,3.0,2.05,-0.949,1.5,-1.5,3.72,0.721
500.0,500.0,500.0,0.0,3.0,3.0,3.0,2.15,-0.854,1.43,-1.57,3.59,0.589
500.0,500.0,500.0,0.0,3.0,3.0,3.0,2.07,-0.934,1.37,-1.63,3.65,0.655
0.0,0.0,0.0,0.0,4.0,4.0,4.0,3.83,-0.17,3.62,-0.377,3.86,-0.142
0.0,0.0,0.0,0.0,4.0,4.0,4.0,3.7,-0.3,3.76,-0.239,3.81,-0.194
0.0,0.0,0.0,0.0,4.0,4.0,4.0,3.88,-0.117,3.85,-0.153,3.88,-0.123
250.0,250.0,250.0,0.0,4.0,4.0,4.0,2.94,-1.06,2.35,-1.65,4.49,0.488
250.0,250.0,250.0,0.0,4.0,4.0,4.0,2.9,-1.1,2.19,-1.81,4.63,0.633
250.0,250.0,250.0,0.0,4.0,4.0,4.0,3.04,-0.958,2.45,-1.55,4.49,0.489
250.0,250.0,500.0,0.0,4.0,4.0,4.0,2.95,-1.05,2.09,-1.91,5.13,1.13
250.0,250.0,500.0,0.0,4.0,4.0,4.0,2.92,-1.08,2.07,-1.93,5.29,1.29
250.0,250.0,500.0,0.0,4.0,4.0,4.0,3.07,-0.931,2.12,-1.88,5.36,1.36
500.0,500.0,250.0,0.0,4.0,4.0,4.0,2.59,-1.41,2.1,-1.9,4.21,0.214
500.0,500.0,250.0,0.0,4.0,4.0,4.0,2.62,-1.38,2.09,-1.91,4.31,0.306
500.0,500.0,250.0,0.0,4.0,4.0,4.0,2.73,-1.27,2.03,-1.97,4.46,0.463
500.0,500.0,500.0,0.0,4.0,4.0,4.0,2.66,-1.34,1.84,-2.16,4.83,0.827
500.0,500.0,500.0,0.0,4.0,4.0,4.0,2.59,-1.41,1.84,-2.16,4.87,0.865
500.0,500.0,500.0,0.0,4.0,4.0,4.0,2.69,-1.31,1.93,-2.07,4.65,0.651
0.0,0.0,0.0,0.0,5.0,5.0,5.0,4.73,-0.27,4.56,-0.436,4.65,-0.349
0.0,0.0,0.0,0.0,5.0,5.0,5.0,4.57,-0.43,4.92,-0.0786,4.74,-0.259
0.0,0.0,0.0,0.0,5.0,5.0,5.0,4.63,-0.369,4.78,-0.221,5.04,0.0361
250.0,250.0,250.0,0.0,5.0,5.0,5.0,3.65,-1.35,2.92,-2.08,5.54,0.542
250.0,250.0,250.0,0.0,5.0,5.0,5.0,3.41,-1.59,2.82,-2.18,5.66,0.657
250.0,250.0,250.0,0.0,5.0,5.0,5.0,3.58,-1.42,2.81,-2.19,5.58,0.58
250.0,250.0,500.0,0.0,5.0,5.0,5.0,3.43,-1.57,2.81,-2.19,6.59,1.59
250.0,250.0,500.0,0.0,5.0,5.0,5.0,3.31,-1.69,2.81,-2.19,6.54,1.54
250.0,250.0,500.0,0.0,5.0,5.0,5.0,3.62,-1.38,2.73,-2.27,6.75,1.75
500.0,500.0,250.0,0.0,5.0,5.0,5.0,3.43,-1.57,2.7,-2.3,5.54,0.539
500.0,500.0,250.0,0.0,5.0,5.0,5.0,3.18,-1.82,2.72,-2.28,5.44,0.439
500.0,500.0,250.0,0.0,5.0,5.0,5.0,3.32,-1.68,2.84,-2.16,5.53,0.533
500.0,500.0,500.0,0.0,5.0,5.0,5.0,3.19,-1.81,2.43,-2.57,5.9,0.901
500.0,500.0,500.0,0.0,5.0,5.0,5.0,3.17,-1.83,2.51,-2.49,5.81,0.809
500.0,500.0,500.0,0.0,5.0,5.0,5.0,3.2,-1.8,2.61,-2.39,6.06,1.06
250.0,250.0,250.0,250.0,0.0,0.0,0.0,0.149,0.149,0.131,0.131,0.0309,0.0309
250.0,250.0,250.0,250.0,0.0,0.0,0.0,0.2,0.2,0.173,0.173,0.0345,0.0345
250.0,250.0,250.0,250.0,0.0,0.0,0.0,0.155,0.155,0.158,0.158,0.043,0.043
250.0,250.0,250.0,500.0,0.0,0.0,0.0,0.193,0.193,0.0985,0.0985,0.0954,0.0954
250.0,250.0,250.0,500.0,0.0,0.0,0.0,0.224,0.224,0.0616,0.0616,0.096,0.096
250.0,250.0,250.0,500.0,0.0,0.0,0.0,0.217,0.217,0.0957,0.0957,0.0708,0.0708
500.0,500.0,500.0,250.0,0.0,0.0,0.0,0.168,0.168,0.126,0.126,0.067,0.067
500.0,500.0,500.0,250.0,0.0,0.0,0.0,0.162,0.162,0.0647,0.0647,0.0981,0.0981
500.0,500.0,500.0,250.0,0.0,0.0,0.0,0.188,0.188,0.1,0.1,0.0802,0.0802
500.0,500.0,500.0,500.0,0.0,0.0,0.0,0.137,0.137,-0.0182,-0.0182,0.0614,0.0614
500.0,500.0,500.0,500.0,0.0,0.0,0.0,0.112,0.112,0.00262,0.00262,0.0373,0.0373
500.0,500.0,500.0,500.0,0.0,0.0,0.0,0.172,0.172,0.0638,0.0638,0.0646,0.0646
250.0,250.0,250.0,250.0,1.0,1.0,1.0,0.914,-0.0859,0.536,-0.464,0.62,-0.38
250.0,250.0,250.0,250.0,1.0,1.0,1.0,0.856,-0.144,0.645,-0.355,0.718,-0.282
250.0,250.0,250.0,250.0,1.0,1.0,1.0,0.812,-0.188,0.526,-0.474,0.641,-0.359
250.0,250.0,250.0,500.0,1.0,1.0,1.0,0.72,-0.28,0.505,-0.495,0.537,-0.463
250.0,250.0,250.0,500.0,1.0,1.0,1.0,0.742,-0.258,0.626,-0.374,0.553,-0.447
250.0,250.0,250.0,500.0,1.0,1.0,1.0,0.795,-0.205,0.603,-0.397,0.601,-0.399
500.0,500.0,500.0,250.0,1.0,1.0,1.0,0.945,-0.0552,0.566,-0.434,0.773,-0.227
500.0,500.0,500.0,250.0,1.0,1.0,1.0,0.812,-0.188,0.559,-0.441,0.837,-0.163
500.0,500.0,500.0,250.0,1.0,1.0,1.0,0.781,-0.219,0.411,-0.589,0.817,-0.183
500.0,500.0,500.0,500.0,1.0,1.0,1.0,0.851,-0.149,0.572,-0.428,0.59,-0.41
500.0,500.0,500.0,500.0,1.0,1.0,1.0,0.894,-0.106,0.457,-0.543,0.588,-0.412
500.0,500.0,500.0,500.0,1.0,1.0,1.0,0.825,-0.175,0.448,-0.552,0.595,-0.405
250.0,250.0,250.0,250.0,2.0,2.0,2.0,1.47,-0.53,1.06,-0.94,1.4,-0.604
250.0,250.0,250.0,250.0,2.0,2.0,2.0,1.36,-0.645,1.09,-0.908,1.43,-0.568
250.0,250.0,250.0,250.0,2.0,2.0,2.0,1.47,-0.533,1.27,-0.731,1.44,-0.564
250.0,250.0,250.0,500.0,2.0,2.0,2.0,1.4,-0.603,0.987,-1.01,1.15,-0.851
250.0,250.0,250.0,500.0,2.0,2.0,2.0,1.38,-0.616,0.95,-1.05,1.18,-0.815
250.0,250.0,250.0,500.0,2.0,2.0,2.0,1.5,-0.504,1.11,-0.892,1.23,-0.77
500.0,500.0,500.0,250.0,2.0,2.0,2.0,1.34,-0.659,0.931,-1.07,1.62,-0.38
500.0,500.0,500.0,250.0,2.0,2.0,2.0,1.35,-0.654,0.858,-1.14,1.74,-0.263
500.0,500.0,500.0,250.0,2.0,2.0,2.0,1.49,-0.505,1.04,-0.959,1.66,-0.342
500.0,500.0,500.0,500.0,2.0,2.0,2.0,1.46,-0.536,0.935,-1.07,1.35,-0.649
500.0,500.0,500.0,500.0,2.0,2.0,2.0,1.45,-0.554,0.874,-1.13,1.31,-0.685
500.0,500.0,500.0,500.0,2.0,2.0,2.0,1.35,-0.65,0.949,-1.05,1.35,-0.651
250.0,250.0,250.0,250.0,3.0,3.0,3.0,2.09,-0.912,1.71,-1.29,2.27,-0.731
250.0,250.0,250.0,250.0,3.0,3.0,3.0,2.12,-0.881,1.64,-1.36,2.21,-0.794
250.0,250.0,250.0,250.0,3.0,3.0,3.0,2.16,-0.843,1.64,-1.36,2.24,-0.762
250.0,250.0,250.0,500.0,3.0,3.0,3.0,1.92,-1.08,1.59,-1.41,1.71,-1.29
250.0,250.0,250.0,500.0,3.0,3.0,3.0,2.01,-0.994,1.48,-1.52,1.7,-1.3
250.0,250.0,250.0,500.0,3.0,3.0,3.0,2.04,-0.96,1.35,-1.65,1.66,-1.34
500.0,500.0,500.0,250.0,3.0,3.0,3.0,2.05,-0.951,1.46,-1.54,2.53,-0.466
500.0,500.0,500.0,250.0,3.0,3.0,3.0,2.02,-0.976,1.33,-1.67,2.63,-0.369
500.0,500.0,500.0,250.0,3.0,3.0,3.0,2.08,-0.923,1.57,-1.43,2.68,-0.324
500.0,500.0,500.0,500.0,3.0,3.0,3.0,2.05,-0.947,1.41,-1.59,2.01,-0.988
500.0,500.0,500.0,500.0,3.0,3.0,3.0,2.06,-0.943,1.33,-1.67,2.03,-0.972
500.0,500.0,500.0,500.0,3.0,3.0,3.0,2.09,-0.909,1.39,-1.61,2.11,-0.892
250.0,250.0,250.0,250.0,4.0,4.0,4.0,2.53,-1.47,2.15,-1.85,2.89,-1.11
250.0,250.0,250.0,250.0,4.0,4.0,4.0,2.58,-1.42,2.19,-1.81,2.95,-1.05
250.0,250.0,250.0,250.0,4.0,4.0,4.0,2.6,-1.4,2.02,-1.98,3.01,-0.994
250.0,250.0,250.0,500.0,4.0,4.0,4.0,2.61,-1.39,2.05,-1.95,2.49,-1.51
250.0,250.0,250.0,500.0,4.0,4.0,4.0,2.41,-1.59,1.94,-2.06,2.29,-1.71
250.0,250.0,250.0,500.0,4.0,4.0,4.0,2.56,-1.44,2.1,-1.9,2.48,-1.52
500.0,500.0,500.0,250.0,4.0,4.0,4.0,2.57,-1.43,1.79,-2.21,3.54,-0.464
500.0,500.0,500.0,250.0,4.0,4.0,4.0,2.5,-1.5,1.91,-2.09,3.56,-0.443
500.0,500.0,500.0,250.0,4.0,4.0,4.0,2.64,-1.36,1.98,-2.02,3.63,-0.367
500.0,500.0,500.0,500.0,4.0,4.0,4.0,2.56,-1.44,1.87,-2.13,2.5,-1.5
500.0,500.0,500.0,500.0,4.0,4.0,4.0,2.59,-1.41,1.99,-2.01,2.88,-1.12
500.0,500.0,500.0,500.0,4.0,4.0,4.0,2.64,-1.36,1.94,-2.06,2.75,-1.25
250.0,250.0,250.0,250.0,5.0,5.0,5.0,3.26,-1.74,2.84,-2.16,3.8,-1.2
250.0,250.0,250.0,250.0,5.0,5.0,5.0,3.15,-1.85,2.76,-2.24,3.94,-1.06
250.0,250.0,250.0,250.0,5.0,5.0,5.0,3.04,-1.96,2.63,-2.37,3.65,-1.35
250.0,250.0,250.0,500.0,5.0,5.0,5.0,3.18,-1.82,2.65,-2.35,3.04,-1.96
250.0,250.0,250.0,500.0,5.0,5.0,5.0,3.01,-1.99,2.51,-2.49,2.98,-2.02
250.0,250.0,250.0,500.0,5.0,5.0,5.0,3.06,-1.94,2.56,-2.44,3.14,-1.86
500.0,500.0,500.0,250.0,5.0,5.0,5.0,3.1,-1.9,2.37,-2.63,4.21,-0.794
500.0,500.0,500.0,250.0,5.0,5.0,5.0,3.23,-1.77,2.42,-2.58,4.24,-0.765
500.0,500.0,500.0,250.0,5.0,5.0,5.0,2.98,-2.02,2.4,-2.6,4.48,-0.522
500.0,500.0,500.0,500.0,5.0,5.0,5.0,3.29,-1.71,2.58,-2.42,3.4,-1.6
500.0,500.0,500.0,500.0,5.0,5.0,5.0,3.23,-1.77,2.5,-2.5,3.6,-1.4
500.0,500.0,500.0,500.0,5.0,5.0,5.0,3.27,-1.73,2.6,-2.4,3.56,-1.44
